date,hour,source_as,target_as,emissions_length_SP,emissions_total_SP,emissions_path_SP,emissions_length_LE,emissions_total_LE,emissions_path_LE,emission_difference
2023-01-10,0,1103-NL-,20766-FR-IDF,1,235.33,1103-NL- -> 20766-FR-IDF,1,235.33,1103-NL- -> 20766-FR-IDF,0.0
2023-01-10,0,1267-IT-82,12552-SE-AB,1,273.69,1267-IT-82 -> 12552-SE-AB,1,273.69,1267-IT-82 -> 12552-SE-AB,0.0
2023-01-10,0,2611-BE-,14061-DE-HE,1,507.17,2611-BE- -> 14061-DE-HE,1,507.17,2611-BE- -> 14061-DE-HE,0.0
2023-01-10,1,1103-NL-,20766-FR-IDF,1,227.02,1103-NL- -> 20766-FR-IDF,1,227.02,1103-NL- -> 20766-FR-IDF,0.0
2023-01-10,1,1267-IT-82,12552-SE-AB,1,281.97,1267-IT-82 -> 12552-SE-AB,1,281.97,1267-IT-82 -> 12552-SE-AB,0.0
2023-01-10,1,2611-BE-,14061-DE-HE,1,492.97,2611-BE- -> 14061-DE-HE,1,492.97,2611-BE- -> 14061-DE-HE,0.0
2023-01-10,2,1103-NL-,20766-FR-IDF,1,246.01,1103-NL- -> 20766-FR-IDF,1,246.01,1103-NL- -> 20766-FR-IDF,0.0
2023-01-10,2,1267-IT-82,12552-SE-AB,1,303.42,1267-IT-82 -> 12552-SE-AB,1,303.42,1267-IT-82 -> 12552-SE-AB,0.0
2023-01-10,2,2611-BE-,14061-DE-HE,1,482.43,2611-BE- -> 14061-DE-HE,1,482.43,2611-BE- -> 14061-DE-HE,0.0
2023-01-10,3,1103-NL-,20766-FR-IDF,1,249.57,1103-NL- -> 20766-FR-IDF,1,249.57,1103-NL- -> 20766-FR-IDF,0.0
2023-01-10,3,1267-IT-82,12552-SE-AB,1,309.0,1267-IT-82 -> 12552-SE-AB,1,309.0,1267-IT-82 -> 12552-SE-AB,0.0
2023-01-10,3,2611-BE-,14061-DE-HE,1,487.57,2611-BE- -> 14061-DE-HE,1,487.57,2611-BE- -> 14061-DE-HE,0.0
2023-01-10,4,1103-NL-,20766-FR-IDF,1,241.17,1103-NL- -> 20766-FR-IDF,1,241.17,1103-NL- -> 20766-FR-IDF,0.0
2023-01-10,4,1267-IT-82,12552-SE-AB,1,301.7,1267-IT-82 -> 12552-SE-AB,1,301.7,1267-IT-82 -> 12552-SE-AB,0.0
2023-01-10,4,2611-BE-,14061-DE-HE,1,510.46,2611-BE- -> 14061-DE-HE,1,510.46,2611-BE- -> 14061-DE-HE,0.0
2023-01-10,5,1103-NL-,20766-FR-IDF,1,251.58,1103-NL- -> 20766-FR-IDF,1,251.58,1103-NL- -> 20766-FR-IDF,0.0
2023-01-10,5,1267-IT-82,12552-SE-AB,1,294.51,1267-IT-82 -> 12552-SE-AB,1,294.51,1267-IT-82 -> 12552-SE-AB,0.0
2023-01-10,5,2611-BE-,14061-DE-HE,1,560.9100000000001,2611-BE- -> 14061-DE-HE,1,560.9100000000001,2611-BE- -> 14061-DE-HE,0.0
2023-01-10,6,1103-NL-,20766-FR-IDF,1,286.91,1103-NL- -> 20766-FR-IDF,1,286.91,1103-NL- -> 20766-FR-IDF,0.0
2023-01-10,6,1267-IT-82,12552-SE-AB,1,293.67,1267-IT-82 -> 12552-SE-AB,1,293.67,1267-IT-82 -> 12552-SE-AB,0.0
2023-01-10,6,2611-BE-,14061-DE-HE,1,559.54,2611-BE- -> 14061-DE-HE,1,559.54,2611-BE- -> 14061-DE-HE,0.0
2023-01-10,7,1103-NL-,20766-FR-IDF,1,291.9,1103-NL- -> 20766-FR-IDF,1,291.9,1103-NL- -> 20766-FR-IDF,0.0
2023-01-10,7,1267-IT-82,12552-SE-AB,1,279.32,1267-IT-82 -> 12552-SE-AB,1,279.32,1267-IT-82 -> 12552-SE-AB,0.0
2023-01-10,7,2611-BE-,14061-DE-HE,1,576.37,2611-BE- -> 14061-DE-HE,1,576.37,2611-BE- -> 14061-DE-HE,0.0
2023-01-10,8,1103-NL-,20766-FR-IDF,1,290.81,1103-NL- -> 20766-FR-IDF,1,290.81,1103-NL- -> 20766-FR-IDF,0.0
2023-01-10,8,1267-IT-82,12552-SE-AB,1,257.74,1267-IT-82 -> 12552-SE-AB,1,257.74,1267-IT-82 -> 12552-SE-AB,0.0
2023-01-10,8,2611-BE-,14061-DE-HE,1,565.66,2611-BE- -> 14061-DE-HE,1,565.66,2611-BE- -> 14061-DE-HE,0.0
2023-01-10,9,1103-NL-,20766-FR-IDF,1,235.66000000000005,1103-NL- -> 20766-FR-IDF,1,235.66000000000005,1103-NL- -> 20766-FR-IDF,0.0
2023-01-10,9,1267-IT-82,12552-SE-AB,1,246.85,1267-IT-82 -> 12552-SE-AB,1,246.85,1267-IT-82 -> 12552-SE-AB,0.0
2023-01-10,9,2611-BE-,14061-DE-HE,1,530.4,2611-BE- -> 14061-DE-HE,1,530.4,2611-BE- -> 14061-DE-HE,0.0
2023-01-10,10,1103-NL-,20766-FR-IDF,1,206.92,1103-NL- -> 20766-FR-IDF,1,206.92,1103-NL- -> 20766-FR-IDF,0.0
2023-01-10,10,1267-IT-82,12552-SE-AB,1,235.78,1267-IT-82 -> 12552-SE-AB,1,235.78,1267-IT-82 -> 12552-SE-AB,0.0
2023-01-10,10,2611-BE-,14061-DE-HE,1,505.98,2611-BE- -> 14061-DE-HE,1,505.98,2611-BE- -> 14061-DE-HE,0.0
2023-01-10,11,1103-NL-,20766-FR-IDF,1,190.11,1103-NL- -> 20766-FR-IDF,1,190.11,1103-NL- -> 20766-FR-IDF,0.0
2023-01-10,11,1267-IT-82,12552-SE-AB,1,227.81,1267-IT-82 -> 12552-SE-AB,1,227.81,1267-IT-82 -> 12552-SE-AB,0.0
2023-01-10,11,2611-BE-,14061-DE-HE,1,490.12,2611-BE- -> 14061-DE-HE,1,490.12,2611-BE- -> 14061-DE-HE,0.0
2023-01-10,12,1103-NL-,20766-FR-IDF,1,180.88,1103-NL- -> 20766-FR-IDF,1,180.88,1103-NL- -> 20766-FR-IDF,0.0
2023-01-10,12,1267-IT-82,12552-SE-AB,1,229.24,1267-IT-82 -> 12552-SE-AB,1,229.24,1267-IT-82 -> 12552-SE-AB,0.0
2023-01-10,12,2611-BE-,14061-DE-HE,1,487.83,2611-BE- -> 14061-DE-HE,1,487.83,2611-BE- -> 14061-DE-HE,0.0
2023-01-10,13,1103-NL-,20766-FR-IDF,1,181.12,1103-NL- -> 20766-FR-IDF,1,181.12,1103-NL- -> 20766-FR-IDF,0.0
2023-01-10,13,1267-IT-82,12552-SE-AB,1,240.43,1267-IT-82 -> 12552-SE-AB,1,240.43,1267-IT-82 -> 12552-SE-AB,0.0
2023-01-10,13,2611-BE-,14061-DE-HE,1,506.55,2611-BE- -> 14061-DE-HE,1,506.55,2611-BE- -> 14061-DE-HE,0.0
2023-01-10,14,1103-NL-,20766-FR-IDF,1,189.99,1103-NL- -> 20766-FR-IDF,1,189.99,1103-NL- -> 20766-FR-IDF,0.0
2023-01-10,14,1267-IT-82,12552-SE-AB,1,263.42,1267-IT-82 -> 12552-SE-AB,1,263.42,1267-IT-82 -> 12552-SE-AB,0.0
2023-01-10,14,2611-BE-,14061-DE-HE,1,517.27,2611-BE- -> 14061-DE-HE,1,517.27,2611-BE- -> 14061-DE-HE,0.0
2023-01-10,15,1103-NL-,20766-FR-IDF,1,225.39,1103-NL- -> 20766-FR-IDF,1,225.39,1103-NL- -> 20766-FR-IDF,0.0
2023-01-10,15,1267-IT-82,12552-SE-AB,1,281.02,1267-IT-82 -> 12552-SE-AB,1,281.02,1267-IT-82 -> 12552-SE-AB,0.0
2023-01-10,15,2611-BE-,14061-DE-HE,1,504.5,2611-BE- -> 14061-DE-HE,1,504.5,2611-BE- -> 14061-DE-HE,0.0
2023-01-10,16,1103-NL-,20766-FR-IDF,1,252.64,1103-NL- -> 20766-FR-IDF,1,252.64,1103-NL- -> 20766-FR-IDF,0.0
2023-01-10,16,1267-IT-82,12552-SE-AB,1,292.54,1267-IT-82 -> 12552-SE-AB,1,292.54,1267-IT-82 -> 12552-SE-AB,0.0
2023-01-10,16,2611-BE-,14061-DE-HE,1,513.12,2611-BE- -> 14061-DE-HE,1,513.12,2611-BE- -> 14061-DE-HE,0.0
2023-01-10,17,1103-NL-,20766-FR-IDF,1,255.83,1103-NL- -> 20766-FR-IDF,1,255.83,1103-NL- -> 20766-FR-IDF,0.0
2023-01-10,17,1267-IT-82,12552-SE-AB,1,291.4,1267-IT-82 -> 12552-SE-AB,1,291.4,1267-IT-82 -> 12552-SE-AB,0.0
2023-01-10,17,2611-BE-,14061-DE-HE,1,502.69,2611-BE- -> 14061-DE-HE,1,502.69,2611-BE- -> 14061-DE-HE,0.0
2023-01-10,18,1103-NL-,20766-FR-IDF,1,248.31,1103-NL- -> 20766-FR-IDF,1,248.31,1103-NL- -> 20766-FR-IDF,0.0
2023-01-10,18,1267-IT-82,12552-SE-AB,1,287.92,1267-IT-82 -> 12552-SE-AB,1,287.92,1267-IT-82 -> 12552-SE-AB,0.0
2023-01-10,18,2611-BE-,14061-DE-HE,1,487.64,2611-BE- -> 14061-DE-HE,1,487.64,2611-BE- -> 14061-DE-HE,0.0
2023-01-10,19,1103-NL-,20766-FR-IDF,1,239.92,1103-NL- -> 20766-FR-IDF,1,239.92,1103-NL- -> 20766-FR-IDF,0.0
2023-01-10,19,1267-IT-82,12552-SE-AB,1,293.67,1267-IT-82 -> 12552-SE-AB,1,293.67,1267-IT-82 -> 12552-SE-AB,0.0
2023-01-10,19,2611-BE-,14061-DE-HE,1,439.2,2611-BE- -> 14061-DE-HE,1,439.2,2611-BE- -> 14061-DE-HE,0.0
2023-01-10,20,1103-NL-,20766-FR-IDF,1,218.7,1103-NL- -> 20766-FR-IDF,1,218.7,1103-NL- -> 20766-FR-IDF,0.0
2023-01-10,20,1267-IT-82,12552-SE-AB,1,287.13,1267-IT-82 -> 12552-SE-AB,1,287.13,1267-IT-82 -> 12552-SE-AB,0.0
2023-01-10,20,2611-BE-,14061-DE-HE,1,397.06,2611-BE- -> 14061-DE-HE,1,397.06,2611-BE- -> 14061-DE-HE,0.0
2023-01-10,21,1103-NL-,20766-FR-IDF,1,197.99,1103-NL- -> 20766-FR-IDF,1,197.99,1103-NL- -> 20766-FR-IDF,0.0
2023-01-10,21,1267-IT-82,12552-SE-AB,1,284.14,1267-IT-82 -> 12552-SE-AB,1,284.14,1267-IT-82 -> 12552-SE-AB,0.0
2023-01-10,21,2611-BE-,14061-DE-HE,1,361.08,2611-BE- -> 14061-DE-HE,1,361.08,2611-BE- -> 14061-DE-HE,0.0
2023-01-10,22,1103-NL-,20766-FR-IDF,1,198.3,1103-NL- -> 20766-FR-IDF,1,198.3,1103-NL- -> 20766-FR-IDF,0.0
2023-01-10,22,1267-IT-82,12552-SE-AB,1,295.42,1267-IT-82 -> 12552-SE-AB,1,295.42,1267-IT-82 -> 12552-SE-AB,0.0
2023-01-10,22,2611-BE-,14061-DE-HE,1,315.46,2611-BE- -> 14061-DE-HE,1,315.46,2611-BE- -> 14061-DE-HE,0.0
2023-01-10,23,1103-NL-,20766-FR-IDF,1,195.23,1103-NL- -> 20766-FR-IDF,1,195.23,1103-NL- -> 20766-FR-IDF,0.0
2023-01-10,23,1267-IT-82,12552-SE-AB,1,291.09,1267-IT-82 -> 12552-SE-AB,1,291.09,1267-IT-82 -> 12552-SE-AB,0.0
2023-01-10,23,2611-BE-,14061-DE-HE,1,303.90000000000003,2611-BE- -> 14061-DE-HE,1,303.90000000000003,2611-BE- -> 14061-DE-HE,0.0
2023-02-10,0,1103-NL-,20766-FR-IDF,1,428.14,1103-NL- -> 20766-FR-IDF,1,428.14,1103-NL- -> 20766-FR-IDF,0.0
2023-02-10,0,1267-IT-82,12552-SE-AB,1,363.5,1267-IT-82 -> 12552-SE-AB,1,363.5,1267-IT-82 -> 12552-SE-AB,0.0
2023-02-10,0,2611-BE-,14061-DE-HE,1,699.06,2611-BE- -> 14061-DE-HE,1,699.06,2611-BE- -> 14061-DE-HE,0.0
2023-02-10,1,1103-NL-,20766-FR-IDF,1,424.71,1103-NL- -> 20766-FR-IDF,1,424.71,1103-NL- -> 20766-FR-IDF,0.0
2023-02-10,1,1267-IT-82,12552-SE-AB,1,351.73,1267-IT-82 -> 12552-SE-AB,1,351.73,1267-IT-82 -> 12552-SE-AB,0.0
2023-02-10,1,2611-BE-,14061-DE-HE,1,699.87,2611-BE- -> 14061-DE-HE,1,699.87,2611-BE- -> 14061-DE-HE,0.0
2023-02-10,2,1103-NL-,20766-FR-IDF,1,428.75,1103-NL- -> 20766-FR-IDF,1,428.75,1103-NL- -> 20766-FR-IDF,0.0
2023-02-10,2,1267-IT-82,12552-SE-AB,1,337.07,1267-IT-82 -> 12552-SE-AB,1,337.07,1267-IT-82 -> 12552-SE-AB,0.0
2023-02-10,2,2611-BE-,14061-DE-HE,1,696.36,2611-BE- -> 14061-DE-HE,1,696.36,2611-BE- -> 14061-DE-HE,0.0
2023-02-10,3,1103-NL-,20766-FR-IDF,1,428.63,1103-NL- -> 20766-FR-IDF,1,428.63,1103-NL- -> 20766-FR-IDF,0.0
2023-02-10,3,1267-IT-82,12552-SE-AB,1,324.23,1267-IT-82 -> 12552-SE-AB,1,324.23,1267-IT-82 -> 12552-SE-AB,0.0
2023-02-10,3,2611-BE-,14061-DE-HE,1,705.5699999999999,2611-BE- -> 14061-DE-HE,1,705.5699999999999,2611-BE- -> 14061-DE-HE,0.0
2023-02-10,4,1103-NL-,20766-FR-IDF,1,432.42,1103-NL- -> 20766-FR-IDF,1,432.42,1103-NL- -> 20766-FR-IDF,0.0
2023-02-10,4,1267-IT-82,12552-SE-AB,1,327.81,1267-IT-82 -> 12552-SE-AB,1,327.81,1267-IT-82 -> 12552-SE-AB,0.0
2023-02-10,4,2611-BE-,14061-DE-HE,1,724.02,2611-BE- -> 14061-DE-HE,1,724.02,2611-BE- -> 14061-DE-HE,0.0
2023-02-10,5,1103-NL-,20766-FR-IDF,1,441.5,1103-NL- -> 20766-FR-IDF,1,441.5,1103-NL- -> 20766-FR-IDF,0.0
2023-02-10,5,1267-IT-82,12552-SE-AB,1,322.51,1267-IT-82 -> 12552-SE-AB,1,322.51,1267-IT-82 -> 12552-SE-AB,0.0
2023-02-10,5,2611-BE-,14061-DE-HE,1,743.64,2611-BE- -> 14061-DE-HE,1,743.64,2611-BE- -> 14061-DE-HE,0.0
2023-02-10,6,1103-NL-,20766-FR-IDF,1,442.34,1103-NL- -> 20766-FR-IDF,1,442.34,1103-NL- -> 20766-FR-IDF,0.0
2023-02-10,6,1267-IT-82,12552-SE-AB,1,311.83000000000004,1267-IT-82 -> 12552-SE-AB,1,311.83000000000004,1267-IT-82 -> 12552-SE-AB,0.0
2023-02-10,6,2611-BE-,14061-DE-HE,1,738.88,2611-BE- -> 14061-DE-HE,1,738.88,2611-BE- -> 14061-DE-HE,0.0
2023-02-10,7,1103-NL-,20766-FR-IDF,1,446.91,1103-NL- -> 20766-FR-IDF,1,446.91,1103-NL- -> 20766-FR-IDF,0.0
2023-02-10,7,1267-IT-82,12552-SE-AB,1,300.85,1267-IT-82 -> 12552-SE-AB,1,300.85,1267-IT-82 -> 12552-SE-AB,0.0
2023-02-10,7,2611-BE-,14061-DE-HE,1,711.25,2611-BE- -> 14061-DE-HE,1,711.25,2611-BE- -> 14061-DE-HE,0.0
2023-02-10,8,1103-NL-,20766-FR-IDF,1,364.91,1103-NL- -> 20766-FR-IDF,1,364.91,1103-NL- -> 20766-FR-IDF,0.0
2023-02-10,8,1267-IT-82,12552-SE-AB,1,284.85,1267-IT-82 -> 12552-SE-AB,1,284.85,1267-IT-82 -> 12552-SE-AB,0.0
2023-02-10,8,2611-BE-,14061-DE-HE,1,676.21,2611-BE- -> 14061-DE-HE,1,676.21,2611-BE- -> 14061-DE-HE,0.0
2023-02-10,9,1103-NL-,20766-FR-IDF,1,306.59,1103-NL- -> 20766-FR-IDF,1,306.59,1103-NL- -> 20766-FR-IDF,0.0
2023-02-10,9,1267-IT-82,12552-SE-AB,1,279.34,1267-IT-82 -> 12552-SE-AB,1,279.34,1267-IT-82 -> 12552-SE-AB,0.0
2023-02-10,9,2611-BE-,14061-DE-HE,1,623.72,2611-BE- -> 14061-DE-HE,1,623.72,2611-BE- -> 14061-DE-HE,0.0
2023-02-10,10,1103-NL-,20766-FR-IDF,1,254.85,1103-NL- -> 20766-FR-IDF,1,254.85,1103-NL- -> 20766-FR-IDF,0.0
2023-02-10,10,1267-IT-82,12552-SE-AB,1,272.04,1267-IT-82 -> 12552-SE-AB,1,272.04,1267-IT-82 -> 12552-SE-AB,0.0
2023-02-10,10,2611-BE-,14061-DE-HE,1,562.57,2611-BE- -> 14061-DE-HE,1,562.57,2611-BE- -> 14061-DE-HE,0.0
2023-02-10,11,1103-NL-,20766-FR-IDF,1,223.25,1103-NL- -> 20766-FR-IDF,1,223.25,1103-NL- -> 20766-FR-IDF,0.0
2023-02-10,11,1267-IT-82,12552-SE-AB,1,267.42,1267-IT-82 -> 12552-SE-AB,1,267.42,1267-IT-82 -> 12552-SE-AB,0.0
2023-02-10,11,2611-BE-,14061-DE-HE,1,524.3199999999999,2611-BE- -> 14061-DE-HE,1,524.3199999999999,2611-BE- -> 14061-DE-HE,0.0
2023-02-10,12,1103-NL-,20766-FR-IDF,1,218.33,1103-NL- -> 20766-FR-IDF,1,218.33,1103-NL- -> 20766-FR-IDF,0.0
2023-02-10,12,1267-IT-82,12552-SE-AB,1,265.33,1267-IT-82 -> 12552-SE-AB,1,265.33,1267-IT-82 -> 12552-SE-AB,0.0
2023-02-10,12,2611-BE-,14061-DE-HE,1,498.14,2611-BE- -> 14061-DE-HE,1,498.14,2611-BE- -> 14061-DE-HE,0.0
2023-02-10,13,1103-NL-,20766-FR-IDF,1,215.01,1103-NL- -> 20766-FR-IDF,1,215.01,1103-NL- -> 20766-FR-IDF,0.0
2023-02-10,13,1267-IT-82,12552-SE-AB,1,273.88000000000005,1267-IT-82 -> 12552-SE-AB,1,273.88000000000005,1267-IT-82 -> 12552-SE-AB,0.0
2023-02-10,13,2611-BE-,14061-DE-HE,1,501.52,2611-BE- -> 14061-DE-HE,1,501.52,2611-BE- -> 14061-DE-HE,0.0
2023-02-10,14,1103-NL-,20766-FR-IDF,1,228.85,1103-NL- -> 20766-FR-IDF,1,228.85,1103-NL- -> 20766-FR-IDF,0.0
2023-02-10,14,1267-IT-82,12552-SE-AB,1,285.39,1267-IT-82 -> 12552-SE-AB,1,285.39,1267-IT-82 -> 12552-SE-AB,0.0
2023-02-10,14,2611-BE-,14061-DE-HE,1,551.85,2611-BE- -> 14061-DE-HE,1,551.85,2611-BE- -> 14061-DE-HE,0.0
2023-02-10,15,1103-NL-,20766-FR-IDF,1,241.7,1103-NL- -> 20766-FR-IDF,1,241.7,1103-NL- -> 20766-FR-IDF,0.0
2023-02-10,15,1267-IT-82,12552-SE-AB,1,304.52,1267-IT-82 -> 12552-SE-AB,1,304.52,1267-IT-82 -> 12552-SE-AB,0.0
2023-02-10,15,2611-BE-,14061-DE-HE,1,619.11,2611-BE- -> 14061-DE-HE,1,619.11,2611-BE- -> 14061-DE-HE,0.0
2023-02-10,16,1103-NL-,20766-FR-IDF,1,303.49,1103-NL- -> 20766-FR-IDF,1,303.49,1103-NL- -> 20766-FR-IDF,0.0
2023-02-10,16,1267-IT-82,12552-SE-AB,1,318.45,1267-IT-82 -> 12552-SE-AB,1,318.45,1267-IT-82 -> 12552-SE-AB,0.0
2023-02-10,16,2611-BE-,14061-DE-HE,1,643.0999999999999,2611-BE- -> 14061-DE-HE,1,643.0999999999999,2611-BE- -> 14061-DE-HE,0.0
2023-02-10,17,1103-NL-,20766-FR-IDF,1,342.76,1103-NL- -> 20766-FR-IDF,1,342.76,1103-NL- -> 20766-FR-IDF,0.0
2023-02-10,17,1267-IT-82,12552-SE-AB,1,324.20000000000005,1267-IT-82 -> 12552-SE-AB,1,324.20000000000005,1267-IT-82 -> 12552-SE-AB,0.0
2023-02-10,17,2611-BE-,14061-DE-HE,1,594.39,2611-BE- -> 14061-DE-HE,1,594.39,2611-BE- -> 14061-DE-HE,0.0
2023-02-10,18,1103-NL-,20766-FR-IDF,1,337.1,1103-NL- -> 20766-FR-IDF,1,337.1,1103-NL- -> 20766-FR-IDF,0.0
2023-02-10,18,1267-IT-82,12552-SE-AB,1,323.72,1267-IT-82 -> 12552-SE-AB,1,323.72,1267-IT-82 -> 12552-SE-AB,0.0
2023-02-10,18,2611-BE-,14061-DE-HE,1,555.8299999999999,2611-BE- -> 14061-DE-HE,1,555.8299999999999,2611-BE- -> 14061-DE-HE,0.0
2023-02-10,19,1103-NL-,20766-FR-IDF,1,323.14,1103-NL- -> 20766-FR-IDF,1,323.14,1103-NL- -> 20766-FR-IDF,0.0
2023-02-10,19,1267-IT-82,12552-SE-AB,1,325.59000000000003,1267-IT-82 -> 12552-SE-AB,1,325.59000000000003,1267-IT-82 -> 12552-SE-AB,0.0
2023-02-10,19,2611-BE-,14061-DE-HE,1,523.29,2611-BE- -> 14061-DE-HE,1,523.29,2611-BE- -> 14061-DE-HE,0.0
2023-02-10,20,1103-NL-,20766-FR-IDF,1,299.8,1103-NL- -> 20766-FR-IDF,1,299.8,1103-NL- -> 20766-FR-IDF,0.0
2023-02-10,20,1267-IT-82,12552-SE-AB,1,321.42,1267-IT-82 -> 12552-SE-AB,1,321.42,1267-IT-82 -> 12552-SE-AB,0.0
2023-02-10,20,2611-BE-,14061-DE-HE,1,487.46,2611-BE- -> 14061-DE-HE,1,487.46,2611-BE- -> 14061-DE-HE,0.0
2023-02-10,21,1103-NL-,20766-FR-IDF,1,290.52,1103-NL- -> 20766-FR-IDF,1,290.52,1103-NL- -> 20766-FR-IDF,0.0
2023-02-10,21,1267-IT-82,12552-SE-AB,1,326.96,1267-IT-82 -> 12552-SE-AB,1,326.96,1267-IT-82 -> 12552-SE-AB,0.0
2023-02-10,21,2611-BE-,14061-DE-HE,1,464.17,2611-BE- -> 14061-DE-HE,1,464.17,2611-BE- -> 14061-DE-HE,0.0
2023-02-10,22,1103-NL-,20766-FR-IDF,1,291.39,1103-NL- -> 20766-FR-IDF,1,291.39,1103-NL- -> 20766-FR-IDF,0.0
2023-02-10,22,1267-IT-82,12552-SE-AB,1,345.48,1267-IT-82 -> 12552-SE-AB,1,345.48,1267-IT-82 -> 12552-SE-AB,0.0
2023-02-10,22,2611-BE-,14061-DE-HE,1,465.8200000000001,2611-BE- -> 14061-DE-HE,1,465.8200000000001,2611-BE- -> 14061-DE-HE,0.0
2023-02-10,23,1103-NL-,20766-FR-IDF,1,303.28,1103-NL- -> 20766-FR-IDF,1,303.28,1103-NL- -> 20766-FR-IDF,0.0
2023-02-10,23,1267-IT-82,12552-SE-AB,1,342.32,1267-IT-82 -> 12552-SE-AB,1,342.32,1267-IT-82 -> 12552-SE-AB,0.0
2023-02-10,23,2611-BE-,14061-DE-HE,1,463.99,2611-BE- -> 14061-DE-HE,1,463.99,2611-BE- -> 14061-DE-HE,0.0
2023-03-10,0,1103-NL-,20766-FR-IDF,1,357.98,1103-NL- -> 20766-FR-IDF,1,357.98,1103-NL- -> 20766-FR-IDF,0.0
2023-03-10,0,1267-IT-82,12552-SE-AB,1,328.47,1267-IT-82 -> 12552-SE-AB,1,328.47,1267-IT-82 -> 12552-SE-AB,0.0
2023-03-10,0,2611-BE-,14061-DE-HE,1,466.7000000000001,2611-BE- -> 14061-DE-HE,1,466.7000000000001,2611-BE- -> 14061-DE-HE,0.0
2023-03-10,1,1103-NL-,20766-FR-IDF,1,386.67,1103-NL- -> 20766-FR-IDF,1,386.67,1103-NL- -> 20766-FR-IDF,0.0
2023-03-10,1,1267-IT-82,12552-SE-AB,1,331.84,1267-IT-82 -> 12552-SE-AB,1,331.84,1267-IT-82 -> 12552-SE-AB,0.0
2023-03-10,1,2611-BE-,14061-DE-HE,1,433.71,2611-BE- -> 14061-DE-HE,1,433.71,2611-BE- -> 14061-DE-HE,0.0
2023-03-10,2,1103-NL-,20766-FR-IDF,1,386.52,1103-NL- -> 20766-FR-IDF,1,386.52,1103-NL- -> 20766-FR-IDF,0.0
2023-03-10,2,1267-IT-82,12552-SE-AB,1,328.18,1267-IT-82 -> 12552-SE-AB,1,328.18,1267-IT-82 -> 12552-SE-AB,0.0
2023-03-10,2,2611-BE-,14061-DE-HE,1,414.04,2611-BE- -> 14061-DE-HE,1,414.04,2611-BE- -> 14061-DE-HE,0.0
2023-03-10,3,1103-NL-,20766-FR-IDF,1,390.53,1103-NL- -> 20766-FR-IDF,1,390.53,1103-NL- -> 20766-FR-IDF,0.0
2023-03-10,3,1267-IT-82,12552-SE-AB,1,317.51,1267-IT-82 -> 12552-SE-AB,1,317.51,1267-IT-82 -> 12552-SE-AB,0.0
2023-03-10,3,2611-BE-,14061-DE-HE,1,402.28,2611-BE- -> 14061-DE-HE,1,402.28,2611-BE- -> 14061-DE-HE,0.0
2023-03-10,4,1103-NL-,20766-FR-IDF,1,409.64,1103-NL- -> 20766-FR-IDF,1,409.64,1103-NL- -> 20766-FR-IDF,0.0
2023-03-10,4,1267-IT-82,12552-SE-AB,1,316.74,1267-IT-82 -> 12552-SE-AB,1,316.74,1267-IT-82 -> 12552-SE-AB,0.0
2023-03-10,4,2611-BE-,14061-DE-HE,1,429.39,2611-BE- -> 14061-DE-HE,1,429.39,2611-BE- -> 14061-DE-HE,0.0
2023-03-10,5,1103-NL-,20766-FR-IDF,1,412.45,1103-NL- -> 20766-FR-IDF,1,412.45,1103-NL- -> 20766-FR-IDF,0.0
2023-03-10,5,1267-IT-82,12552-SE-AB,1,328.56,1267-IT-82 -> 12552-SE-AB,1,328.56,1267-IT-82 -> 12552-SE-AB,0.0
2023-03-10,5,2611-BE-,14061-DE-HE,1,488.88,2611-BE- -> 14061-DE-HE,1,488.88,2611-BE- -> 14061-DE-HE,0.0
2023-03-10,6,1103-NL-,20766-FR-IDF,1,408.06,1103-NL- -> 20766-FR-IDF,1,408.06,1103-NL- -> 20766-FR-IDF,0.0
2023-03-10,6,1267-IT-82,12552-SE-AB,1,323.71,1267-IT-82 -> 12552-SE-AB,1,323.71,1267-IT-82 -> 12552-SE-AB,0.0
2023-03-10,6,2611-BE-,14061-DE-HE,1,532.46,2611-BE- -> 14061-DE-HE,1,532.46,2611-BE- -> 14061-DE-HE,0.0
2023-03-10,7,1103-NL-,20766-FR-IDF,1,310.73,1103-NL- -> 20766-FR-IDF,1,310.73,1103-NL- -> 20766-FR-IDF,0.0
2023-03-10,7,1267-IT-82,12552-SE-AB,1,299.46000000000004,1267-IT-82 -> 12552-SE-AB,1,299.46000000000004,1267-IT-82 -> 12552-SE-AB,0.0
2023-03-10,7,2611-BE-,14061-DE-HE,1,514.5,2611-BE- -> 14061-DE-HE,1,514.5,2611-BE- -> 14061-DE-HE,0.0
2023-03-10,8,1103-NL-,20766-FR-IDF,1,253.77,1103-NL- -> 20766-FR-IDF,1,253.77,1103-NL- -> 20766-FR-IDF,0.0
2023-03-10,8,1267-IT-82,12552-SE-AB,1,275.62,1267-IT-82 -> 12552-SE-AB,1,275.62,1267-IT-82 -> 12552-SE-AB,0.0
2023-03-10,8,2611-BE-,14061-DE-HE,1,500.19,2611-BE- -> 14061-DE-HE,1,500.19,2611-BE- -> 14061-DE-HE,0.0
2023-03-10,9,1103-NL-,20766-FR-IDF,1,236.63,1103-NL- -> 20766-FR-IDF,1,236.63,1103-NL- -> 20766-FR-IDF,0.0
2023-03-10,9,1267-IT-82,12552-SE-AB,1,254.55,1267-IT-82 -> 12552-SE-AB,1,254.55,1267-IT-82 -> 12552-SE-AB,0.0
2023-03-10,9,2611-BE-,14061-DE-HE,1,487.01,2611-BE- -> 14061-DE-HE,1,487.01,2611-BE- -> 14061-DE-HE,0.0
2023-03-10,10,1103-NL-,20766-FR-IDF,1,225.49,1103-NL- -> 20766-FR-IDF,1,225.49,1103-NL- -> 20766-FR-IDF,0.0
2023-03-10,10,1267-IT-82,12552-SE-AB,1,234.07,1267-IT-82 -> 12552-SE-AB,1,234.07,1267-IT-82 -> 12552-SE-AB,0.0
2023-03-10,10,2611-BE-,14061-DE-HE,1,452.28,2611-BE- -> 14061-DE-HE,1,452.28,2611-BE- -> 14061-DE-HE,0.0
2023-03-10,11,1103-NL-,20766-FR-IDF,1,214.84,1103-NL- -> 20766-FR-IDF,1,214.84,1103-NL- -> 20766-FR-IDF,0.0
2023-03-10,11,1267-IT-82,12552-SE-AB,1,223.69,1267-IT-82 -> 12552-SE-AB,1,223.69,1267-IT-82 -> 12552-SE-AB,0.0
2023-03-10,11,2611-BE-,14061-DE-HE,1,441.15,2611-BE- -> 14061-DE-HE,1,441.15,2611-BE- -> 14061-DE-HE,0.0
2023-03-10,12,1103-NL-,20766-FR-IDF,1,214.63,1103-NL- -> 20766-FR-IDF,1,214.63,1103-NL- -> 20766-FR-IDF,0.0
2023-03-10,12,1267-IT-82,12552-SE-AB,1,210.73,1267-IT-82 -> 12552-SE-AB,1,210.73,1267-IT-82 -> 12552-SE-AB,0.0
2023-03-10,12,2611-BE-,14061-DE-HE,1,445.0,2611-BE- -> 14061-DE-HE,1,445.0,2611-BE- -> 14061-DE-HE,0.0
2023-03-10,13,1103-NL-,20766-FR-IDF,1,200.65,1103-NL- -> 20766-FR-IDF,1,200.65,1103-NL- -> 20766-FR-IDF,0.0
2023-03-10,13,1267-IT-82,12552-SE-AB,1,227.76,1267-IT-82 -> 12552-SE-AB,1,227.76,1267-IT-82 -> 12552-SE-AB,0.0
2023-03-10,13,2611-BE-,14061-DE-HE,1,450.67,2611-BE- -> 14061-DE-HE,1,450.67,2611-BE- -> 14061-DE-HE,0.0
2023-03-10,14,1103-NL-,20766-FR-IDF,1,192.78,1103-NL- -> 20766-FR-IDF,1,192.78,1103-NL- -> 20766-FR-IDF,0.0
2023-03-10,14,1267-IT-82,12552-SE-AB,1,243.32,1267-IT-82 -> 12552-SE-AB,1,243.32,1267-IT-82 -> 12552-SE-AB,0.0
2023-03-10,14,2611-BE-,14061-DE-HE,1,457.73,2611-BE- -> 14061-DE-HE,1,457.73,2611-BE- -> 14061-DE-HE,0.0
2023-03-10,15,1103-NL-,20766-FR-IDF,1,205.57,1103-NL- -> 20766-FR-IDF,1,205.57,1103-NL- -> 20766-FR-IDF,0.0
2023-03-10,15,1267-IT-82,12552-SE-AB,1,267.75,1267-IT-82 -> 12552-SE-AB,1,267.75,1267-IT-82 -> 12552-SE-AB,0.0
2023-03-10,15,2611-BE-,14061-DE-HE,1,471.8,2611-BE- -> 14061-DE-HE,1,471.8,2611-BE- -> 14061-DE-HE,0.0
2023-03-10,16,1103-NL-,20766-FR-IDF,1,225.35,1103-NL- -> 20766-FR-IDF,1,225.35,1103-NL- -> 20766-FR-IDF,0.0
2023-03-10,16,1267-IT-82,12552-SE-AB,1,289.80999999999995,1267-IT-82 -> 12552-SE-AB,1,289.80999999999995,1267-IT-82 -> 12552-SE-AB,0.0
2023-03-10,16,2611-BE-,14061-DE-HE,1,501.33,2611-BE- -> 14061-DE-HE,1,501.33,2611-BE- -> 14061-DE-HE,0.0
2023-03-10,17,1103-NL-,20766-FR-IDF,1,284.9,1103-NL- -> 20766-FR-IDF,1,284.9,1103-NL- -> 20766-FR-IDF,0.0
2023-03-10,17,1267-IT-82,12552-SE-AB,1,297.08,1267-IT-82 -> 12552-SE-AB,1,297.08,1267-IT-82 -> 12552-SE-AB,0.0
2023-03-10,17,2611-BE-,14061-DE-HE,1,525.11,2611-BE- -> 14061-DE-HE,1,525.11,2611-BE- -> 14061-DE-HE,0.0
2023-03-10,18,1103-NL-,20766-FR-IDF,1,301.88,1103-NL- -> 20766-FR-IDF,1,301.88,1103-NL- -> 20766-FR-IDF,0.0
2023-03-10,18,1267-IT-82,12552-SE-AB,1,292.66,1267-IT-82 -> 12552-SE-AB,1,292.66,1267-IT-82 -> 12552-SE-AB,0.0
2023-03-10,18,2611-BE-,14061-DE-HE,1,523.05,2611-BE- -> 14061-DE-HE,1,523.05,2611-BE- -> 14061-DE-HE,0.0
2023-03-10,19,1103-NL-,20766-FR-IDF,1,299.65,1103-NL- -> 20766-FR-IDF,1,299.65,1103-NL- -> 20766-FR-IDF,0.0
2023-03-10,19,1267-IT-82,12552-SE-AB,1,299.78,1267-IT-82 -> 12552-SE-AB,1,299.78,1267-IT-82 -> 12552-SE-AB,0.0
2023-03-10,19,2611-BE-,14061-DE-HE,1,514.9300000000001,2611-BE- -> 14061-DE-HE,1,514.9300000000001,2611-BE- -> 14061-DE-HE,0.0
2023-03-10,20,1103-NL-,20766-FR-IDF,1,289.36,1103-NL- -> 20766-FR-IDF,1,289.36,1103-NL- -> 20766-FR-IDF,0.0
2023-03-10,20,1267-IT-82,12552-SE-AB,1,306.44,1267-IT-82 -> 12552-SE-AB,1,306.44,1267-IT-82 -> 12552-SE-AB,0.0
2023-03-10,20,2611-BE-,14061-DE-HE,1,508.76,2611-BE- -> 14061-DE-HE,1,508.76,2611-BE- -> 14061-DE-HE,0.0
2023-03-10,21,1103-NL-,20766-FR-IDF,1,295.96,1103-NL- -> 20766-FR-IDF,1,295.96,1103-NL- -> 20766-FR-IDF,0.0
2023-03-10,21,1267-IT-82,12552-SE-AB,1,321.89000000000004,1267-IT-82 -> 12552-SE-AB,1,321.89000000000004,1267-IT-82 -> 12552-SE-AB,0.0
2023-03-10,21,2611-BE-,14061-DE-HE,1,499.11,2611-BE- -> 14061-DE-HE,1,499.11,2611-BE- -> 14061-DE-HE,0.0
2023-03-10,22,1103-NL-,20766-FR-IDF,1,292.01,1103-NL- -> 20766-FR-IDF,1,292.01,1103-NL- -> 20766-FR-IDF,0.0
2023-03-10,22,1267-IT-82,12552-SE-AB,1,334.68,1267-IT-82 -> 12552-SE-AB,1,334.68,1267-IT-82 -> 12552-SE-AB,0.0
2023-03-10,22,2611-BE-,14061-DE-HE,1,479.38,2611-BE- -> 14061-DE-HE,1,479.38,2611-BE- -> 14061-DE-HE,0.0
2023-03-10,23,1103-NL-,20766-FR-IDF,1,304.89,1103-NL- -> 20766-FR-IDF,1,304.89,1103-NL- -> 20766-FR-IDF,0.0
2023-03-10,23,1267-IT-82,12552-SE-AB,1,317.47,1267-IT-82 -> 12552-SE-AB,1,317.47,1267-IT-82 -> 12552-SE-AB,0.0
2023-03-10,23,2611-BE-,14061-DE-HE,1,440.36,2611-BE- -> 14061-DE-HE,1,440.36,2611-BE- -> 14061-DE-HE,0.0
2023-04-10,0,1103-NL-,20766-FR-IDF,1,305.71,1103-NL- -> 20766-FR-IDF,1,305.71,1103-NL- -> 20766-FR-IDF,0.0
2023-04-10,0,1267-IT-82,12552-SE-AB,1,247.75,1267-IT-82 -> 12552-SE-AB,1,247.75,1267-IT-82 -> 12552-SE-AB,0.0
2023-04-10,0,2611-BE-,14061-DE-HE,1,337.26,2611-BE- -> 14061-DE-HE,1,337.26,2611-BE- -> 14061-DE-HE,0.0
2023-04-10,1,1103-NL-,20766-FR-IDF,1,297.54999999999995,1103-NL- -> 20766-FR-IDF,1,297.54999999999995,1103-NL- -> 20766-FR-IDF,0.0
2023-04-10,1,1267-IT-82,12552-SE-AB,1,244.66,1267-IT-82 -> 12552-SE-AB,1,244.66,1267-IT-82 -> 12552-SE-AB,0.0
2023-04-10,1,2611-BE-,14061-DE-HE,1,317.44,2611-BE- -> 14061-DE-HE,1,317.44,2611-BE- -> 14061-DE-HE,0.0
2023-04-10,2,1103-NL-,20766-FR-IDF,1,298.1,1103-NL- -> 20766-FR-IDF,1,298.1,1103-NL- -> 20766-FR-IDF,0.0
2023-04-10,2,1267-IT-82,12552-SE-AB,1,237.58,1267-IT-82 -> 12552-SE-AB,1,237.58,1267-IT-82 -> 12552-SE-AB,0.0
2023-04-10,2,2611-BE-,14061-DE-HE,1,309.9,2611-BE- -> 14061-DE-HE,1,309.9,2611-BE- -> 14061-DE-HE,0.0
2023-04-10,3,1103-NL-,20766-FR-IDF,1,304.33000000000004,1103-NL- -> 20766-FR-IDF,1,304.33000000000004,1103-NL- -> 20766-FR-IDF,0.0
2023-04-10,3,1267-IT-82,12552-SE-AB,1,231.67,1267-IT-82 -> 12552-SE-AB,1,231.67,1267-IT-82 -> 12552-SE-AB,0.0
2023-04-10,3,2611-BE-,14061-DE-HE,1,308.59,2611-BE- -> 14061-DE-HE,1,308.59,2611-BE- -> 14061-DE-HE,0.0
2023-04-10,4,1103-NL-,20766-FR-IDF,1,293.5,1103-NL- -> 20766-FR-IDF,1,293.5,1103-NL- -> 20766-FR-IDF,0.0
2023-04-10,4,1267-IT-82,12552-SE-AB,1,227.75,1267-IT-82 -> 12552-SE-AB,1,227.75,1267-IT-82 -> 12552-SE-AB,0.0
2023-04-10,4,2611-BE-,14061-DE-HE,1,307.31,2611-BE- -> 14061-DE-HE,1,307.31,2611-BE- -> 14061-DE-HE,0.0
2023-04-10,5,1103-NL-,20766-FR-IDF,1,289.71,1103-NL- -> 20766-FR-IDF,1,289.71,1103-NL- -> 20766-FR-IDF,0.0
2023-04-10,5,1267-IT-82,12552-SE-AB,1,224.25,1267-IT-82 -> 12552-SE-AB,1,224.25,1267-IT-82 -> 12552-SE-AB,0.0
2023-04-10,5,2611-BE-,14061-DE-HE,1,297.34,2611-BE- -> 14061-DE-HE,1,297.34,2611-BE- -> 14061-DE-HE,0.0
2023-04-10,6,1103-NL-,20766-FR-IDF,1,220.05,1103-NL- -> 20766-FR-IDF,1,220.05,1103-NL- -> 20766-FR-IDF,0.0
2023-04-10,6,1267-IT-82,12552-SE-AB,1,194.87,1267-IT-82 -> 12552-SE-AB,1,194.87,1267-IT-82 -> 12552-SE-AB,0.0
2023-04-10,6,2611-BE-,14061-DE-HE,1,282.19,2611-BE- -> 14061-DE-HE,1,282.19,2611-BE- -> 14061-DE-HE,0.0
2023-04-10,7,1103-NL-,20766-FR-IDF,1,199.78,1103-NL- -> 20766-FR-IDF,1,199.78,1103-NL- -> 20766-FR-IDF,0.0
2023-04-10,7,1267-IT-82,12552-SE-AB,1,172.56,1267-IT-82 -> 12552-SE-AB,1,172.56,1267-IT-82 -> 12552-SE-AB,0.0
2023-04-10,7,2611-BE-,14061-DE-HE,1,253.27,2611-BE- -> 14061-DE-HE,1,253.27,2611-BE- -> 14061-DE-HE,0.0
2023-04-10,8,1103-NL-,20766-FR-IDF,1,197.19,1103-NL- -> 20766-FR-IDF,1,197.19,1103-NL- -> 20766-FR-IDF,0.0
2023-04-10,8,1267-IT-82,12552-SE-AB,1,160.16,1267-IT-82 -> 12552-SE-AB,1,160.16,1267-IT-82 -> 12552-SE-AB,0.0
2023-04-10,8,2611-BE-,14061-DE-HE,1,225.69,2611-BE- -> 14061-DE-HE,1,225.69,2611-BE- -> 14061-DE-HE,0.0
2023-04-10,9,1103-NL-,20766-FR-IDF,1,195.73,1103-NL- -> 20766-FR-IDF,1,195.73,1103-NL- -> 20766-FR-IDF,0.0
2023-04-10,9,1267-IT-82,12552-SE-AB,1,152.84,1267-IT-82 -> 12552-SE-AB,1,152.84,1267-IT-82 -> 12552-SE-AB,0.0
2023-04-10,9,2611-BE-,14061-DE-HE,1,210.81,2611-BE- -> 14061-DE-HE,1,210.81,2611-BE- -> 14061-DE-HE,0.0
2023-04-10,10,1103-NL-,20766-FR-IDF,1,196.95,1103-NL- -> 20766-FR-IDF,1,196.95,1103-NL- -> 20766-FR-IDF,0.0
2023-04-10,10,1267-IT-82,12552-SE-AB,1,133.74,1267-IT-82 -> 12552-SE-AB,1,133.74,1267-IT-82 -> 12552-SE-AB,0.0
2023-04-10,10,2611-BE-,14061-DE-HE,1,203.18,2611-BE- -> 14061-DE-HE,1,203.18,2611-BE- -> 14061-DE-HE,0.0
2023-04-10,11,1103-NL-,20766-FR-IDF,1,190.91,1103-NL- -> 20766-FR-IDF,1,190.91,1103-NL- -> 20766-FR-IDF,0.0
2023-04-10,11,1267-IT-82,12552-SE-AB,1,126.69,1267-IT-82 -> 12552-SE-AB,1,126.69,1267-IT-82 -> 12552-SE-AB,0.0
2023-04-10,11,2611-BE-,14061-DE-HE,1,199.64,2611-BE- -> 14061-DE-HE,1,199.64,2611-BE- -> 14061-DE-HE,0.0
2023-04-10,12,1103-NL-,20766-FR-IDF,1,186.54,1103-NL- -> 20766-FR-IDF,1,186.54,1103-NL- -> 20766-FR-IDF,0.0
2023-04-10,12,1267-IT-82,12552-SE-AB,1,127.83,1267-IT-82 -> 12552-SE-AB,1,127.83,1267-IT-82 -> 12552-SE-AB,0.0
2023-04-10,12,2611-BE-,14061-DE-HE,1,211.46,2611-BE- -> 14061-DE-HE,1,211.46,2611-BE- -> 14061-DE-HE,0.0
2023-04-10,13,1103-NL-,20766-FR-IDF,1,176.09,1103-NL- -> 20766-FR-IDF,1,176.09,1103-NL- -> 20766-FR-IDF,0.0
2023-04-10,13,1267-IT-82,12552-SE-AB,1,134.46,1267-IT-82 -> 12552-SE-AB,1,134.46,1267-IT-82 -> 12552-SE-AB,0.0
2023-04-10,13,2611-BE-,14061-DE-HE,1,219.86,2611-BE- -> 14061-DE-HE,1,219.86,2611-BE- -> 14061-DE-HE,0.0
2023-04-10,14,1103-NL-,20766-FR-IDF,1,154.96,1103-NL- -> 20766-FR-IDF,1,154.96,1103-NL- -> 20766-FR-IDF,0.0
2023-04-10,14,1267-IT-82,12552-SE-AB,1,138.07,1267-IT-82 -> 12552-SE-AB,1,138.07,1267-IT-82 -> 12552-SE-AB,0.0
2023-04-10,14,2611-BE-,14061-DE-HE,1,228.87,2611-BE- -> 14061-DE-HE,1,228.87,2611-BE- -> 14061-DE-HE,0.0
2023-04-10,15,1103-NL-,20766-FR-IDF,1,154.88,1103-NL- -> 20766-FR-IDF,1,154.88,1103-NL- -> 20766-FR-IDF,0.0
2023-04-10,15,1267-IT-82,12552-SE-AB,1,154.07,1267-IT-82 -> 12552-SE-AB,1,154.07,1267-IT-82 -> 12552-SE-AB,0.0
2023-04-10,15,2611-BE-,14061-DE-HE,1,237.26,2611-BE- -> 14061-DE-HE,1,237.26,2611-BE- -> 14061-DE-HE,0.0
2023-04-10,16,1103-NL-,20766-FR-IDF,1,158.15,1103-NL- -> 20766-FR-IDF,1,158.15,1103-NL- -> 20766-FR-IDF,0.0
2023-04-10,16,1267-IT-82,12552-SE-AB,1,179.57,1267-IT-82 -> 12552-SE-AB,1,179.57,1267-IT-82 -> 12552-SE-AB,0.0
2023-04-10,16,2611-BE-,14061-DE-HE,1,257.85,2611-BE- -> 14061-DE-HE,1,257.85,2611-BE- -> 14061-DE-HE,0.0
2023-04-10,17,1103-NL-,20766-FR-IDF,1,175.38,1103-NL- -> 20766-FR-IDF,1,175.38,1103-NL- -> 20766-FR-IDF,0.0
2023-04-10,17,1267-IT-82,12552-SE-AB,1,202.87,1267-IT-82 -> 12552-SE-AB,1,202.87,1267-IT-82 -> 12552-SE-AB,0.0
2023-04-10,17,2611-BE-,14061-DE-HE,1,295.61,2611-BE- -> 14061-DE-HE,1,295.61,2611-BE- -> 14061-DE-HE,0.0
2023-04-10,18,1103-NL-,20766-FR-IDF,1,213.67,1103-NL- -> 20766-FR-IDF,1,213.67,1103-NL- -> 20766-FR-IDF,0.0
2023-04-10,18,1267-IT-82,12552-SE-AB,1,207.7,1267-IT-82 -> 12552-SE-AB,1,207.7,1267-IT-82 -> 12552-SE-AB,0.0
2023-04-10,18,2611-BE-,14061-DE-HE,1,294.5,2611-BE- -> 14061-DE-HE,1,294.5,2611-BE- -> 14061-DE-HE,0.0
2023-04-10,19,1103-NL-,20766-FR-IDF,1,218.28,1103-NL- -> 20766-FR-IDF,1,218.28,1103-NL- -> 20766-FR-IDF,0.0
2023-04-10,19,1267-IT-82,12552-SE-AB,1,201.23,1267-IT-82 -> 12552-SE-AB,1,201.23,1267-IT-82 -> 12552-SE-AB,0.0
2023-04-10,19,2611-BE-,14061-DE-HE,1,275.77,2611-BE- -> 14061-DE-HE,1,275.77,2611-BE- -> 14061-DE-HE,0.0
2023-04-10,20,1103-NL-,20766-FR-IDF,1,221.06,1103-NL- -> 20766-FR-IDF,1,221.06,1103-NL- -> 20766-FR-IDF,0.0
2023-04-10,20,1267-IT-82,12552-SE-AB,1,208.54,1267-IT-82 -> 12552-SE-AB,1,208.54,1267-IT-82 -> 12552-SE-AB,0.0
2023-04-10,20,2611-BE-,14061-DE-HE,1,273.66,2611-BE- -> 14061-DE-HE,1,273.66,2611-BE- -> 14061-DE-HE,0.0
2023-04-10,21,1103-NL-,20766-FR-IDF,1,212.87,1103-NL- -> 20766-FR-IDF,1,212.87,1103-NL- -> 20766-FR-IDF,0.0
2023-04-10,21,1267-IT-82,12552-SE-AB,1,197.33,1267-IT-82 -> 12552-SE-AB,1,197.33,1267-IT-82 -> 12552-SE-AB,0.0
2023-04-10,21,2611-BE-,14061-DE-HE,1,270.39,2611-BE- -> 14061-DE-HE,1,270.39,2611-BE- -> 14061-DE-HE,0.0
2023-04-10,22,1103-NL-,20766-FR-IDF,1,201.51,1103-NL- -> 20766-FR-IDF,1,201.51,1103-NL- -> 20766-FR-IDF,0.0
2023-04-10,22,1267-IT-82,12552-SE-AB,1,194.53,1267-IT-82 -> 12552-SE-AB,1,194.53,1267-IT-82 -> 12552-SE-AB,0.0
2023-04-10,22,2611-BE-,14061-DE-HE,1,260.67,2611-BE- -> 14061-DE-HE,1,260.67,2611-BE- -> 14061-DE-HE,0.0
2023-04-10,23,1103-NL-,20766-FR-IDF,1,205.36,1103-NL- -> 20766-FR-IDF,1,205.36,1103-NL- -> 20766-FR-IDF,0.0
2023-04-10,23,1267-IT-82,12552-SE-AB,1,201.23,1267-IT-82 -> 12552-SE-AB,1,201.23,1267-IT-82 -> 12552-SE-AB,0.0
2023-04-10,23,2611-BE-,14061-DE-HE,1,262.24,2611-BE- -> 14061-DE-HE,1,262.24,2611-BE- -> 14061-DE-HE,0.0
2023-05-10,0,1103-NL-,20766-FR-IDF,1,343.17,1103-NL- -> 20766-FR-IDF,1,343.17,1103-NL- -> 20766-FR-IDF,0.0
2023-05-10,0,1267-IT-82,12552-SE-AB,1,255.08,1267-IT-82 -> 12552-SE-AB,1,255.08,1267-IT-82 -> 12552-SE-AB,0.0
2023-05-10,0,2611-BE-,14061-DE-HE,1,444.06,2611-BE- -> 14061-DE-HE,1,444.06,2611-BE- -> 14061-DE-HE,0.0
2023-05-10,1,1103-NL-,20766-FR-IDF,1,339.91,1103-NL- -> 20766-FR-IDF,1,339.91,1103-NL- -> 20766-FR-IDF,0.0
2023-05-10,1,1267-IT-82,12552-SE-AB,1,248.98,1267-IT-82 -> 12552-SE-AB,1,248.98,1267-IT-82 -> 12552-SE-AB,0.0
2023-05-10,1,2611-BE-,14061-DE-HE,1,425.51,2611-BE- -> 14061-DE-HE,1,425.51,2611-BE- -> 14061-DE-HE,0.0
2023-05-10,2,1103-NL-,20766-FR-IDF,1,338.14,1103-NL- -> 20766-FR-IDF,1,338.14,1103-NL- -> 20766-FR-IDF,0.0
2023-05-10,2,1267-IT-82,12552-SE-AB,1,248.07,1267-IT-82 -> 12552-SE-AB,1,248.07,1267-IT-82 -> 12552-SE-AB,0.0
2023-05-10,2,2611-BE-,14061-DE-HE,1,428.33,2611-BE- -> 14061-DE-HE,1,428.33,2611-BE- -> 14061-DE-HE,0.0
2023-05-10,3,1103-NL-,20766-FR-IDF,1,315.39,1103-NL- -> 20766-FR-IDF,1,315.39,1103-NL- -> 20766-FR-IDF,0.0
2023-05-10,3,1267-IT-82,12552-SE-AB,1,251.91,1267-IT-82 -> 12552-SE-AB,1,251.91,1267-IT-82 -> 12552-SE-AB,0.0
2023-05-10,3,2611-BE-,14061-DE-HE,1,447.8,2611-BE- -> 14061-DE-HE,1,447.8,2611-BE- -> 14061-DE-HE,0.0
2023-05-10,4,1103-NL-,20766-FR-IDF,1,341.44,1103-NL- -> 20766-FR-IDF,1,341.44,1103-NL- -> 20766-FR-IDF,0.0
2023-05-10,4,1267-IT-82,12552-SE-AB,1,259.41,1267-IT-82 -> 12552-SE-AB,1,259.41,1267-IT-82 -> 12552-SE-AB,0.0
2023-05-10,4,2611-BE-,14061-DE-HE,1,483.01,2611-BE- -> 14061-DE-HE,1,483.01,2611-BE- -> 14061-DE-HE,0.0
2023-05-10,5,1103-NL-,20766-FR-IDF,1,280.23,1103-NL- -> 20766-FR-IDF,1,280.23,1103-NL- -> 20766-FR-IDF,0.0
2023-05-10,5,1267-IT-82,12552-SE-AB,1,276.86999999999995,1267-IT-82 -> 12552-SE-AB,1,276.86999999999995,1267-IT-82 -> 12552-SE-AB,0.0
2023-05-10,5,2611-BE-,14061-DE-HE,1,502.24,2611-BE- -> 14061-DE-HE,1,502.24,2611-BE- -> 14061-DE-HE,0.0
2023-05-10,6,1103-NL-,20766-FR-IDF,1,256.35,1103-NL- -> 20766-FR-IDF,1,256.35,1103-NL- -> 20766-FR-IDF,0.0
2023-05-10,6,1267-IT-82,12552-SE-AB,1,268.23,1267-IT-82 -> 12552-SE-AB,1,268.23,1267-IT-82 -> 12552-SE-AB,0.0
2023-05-10,6,2611-BE-,14061-DE-HE,1,507.24,2611-BE- -> 14061-DE-HE,1,507.24,2611-BE- -> 14061-DE-HE,0.0
2023-05-10,7,1103-NL-,20766-FR-IDF,1,251.71,1103-NL- -> 20766-FR-IDF,1,251.71,1103-NL- -> 20766-FR-IDF,0.0
2023-05-10,7,1267-IT-82,12552-SE-AB,1,260.12,1267-IT-82 -> 12552-SE-AB,1,260.12,1267-IT-82 -> 12552-SE-AB,0.0
2023-05-10,7,2611-BE-,14061-DE-HE,1,483.12,2611-BE- -> 14061-DE-HE,1,483.12,2611-BE- -> 14061-DE-HE,0.0
2023-05-10,8,1103-NL-,20766-FR-IDF,1,245.62,1103-NL- -> 20766-FR-IDF,1,245.62,1103-NL- -> 20766-FR-IDF,0.0
2023-05-10,8,1267-IT-82,12552-SE-AB,1,254.38,1267-IT-82 -> 12552-SE-AB,1,254.38,1267-IT-82 -> 12552-SE-AB,0.0
2023-05-10,8,2611-BE-,14061-DE-HE,1,457.68,2611-BE- -> 14061-DE-HE,1,457.68,2611-BE- -> 14061-DE-HE,0.0
2023-05-10,9,1103-NL-,20766-FR-IDF,1,244.86,1103-NL- -> 20766-FR-IDF,1,244.86,1103-NL- -> 20766-FR-IDF,0.0
2023-05-10,9,1267-IT-82,12552-SE-AB,1,246.7,1267-IT-82 -> 12552-SE-AB,1,246.7,1267-IT-82 -> 12552-SE-AB,0.0
2023-05-10,9,2611-BE-,14061-DE-HE,1,434.64,2611-BE- -> 14061-DE-HE,1,434.64,2611-BE- -> 14061-DE-HE,0.0
2023-05-10,10,1103-NL-,20766-FR-IDF,1,244.3,1103-NL- -> 20766-FR-IDF,1,244.3,1103-NL- -> 20766-FR-IDF,0.0
2023-05-10,10,1267-IT-82,12552-SE-AB,1,235.47,1267-IT-82 -> 12552-SE-AB,1,235.47,1267-IT-82 -> 12552-SE-AB,0.0
2023-05-10,10,2611-BE-,14061-DE-HE,1,416.93,2611-BE- -> 14061-DE-HE,1,416.93,2611-BE- -> 14061-DE-HE,0.0
2023-05-10,11,1103-NL-,20766-FR-IDF,1,245.31,1103-NL- -> 20766-FR-IDF,1,245.31,1103-NL- -> 20766-FR-IDF,0.0
2023-05-10,11,1267-IT-82,12552-SE-AB,1,228.1,1267-IT-82 -> 12552-SE-AB,1,228.1,1267-IT-82 -> 12552-SE-AB,0.0
2023-05-10,11,2611-BE-,14061-DE-HE,1,406.69,2611-BE- -> 14061-DE-HE,1,406.69,2611-BE- -> 14061-DE-HE,0.0
2023-05-10,12,1103-NL-,20766-FR-IDF,1,244.25,1103-NL- -> 20766-FR-IDF,1,244.25,1103-NL- -> 20766-FR-IDF,0.0
2023-05-10,12,1267-IT-82,12552-SE-AB,1,227.97,1267-IT-82 -> 12552-SE-AB,1,227.97,1267-IT-82 -> 12552-SE-AB,0.0
2023-05-10,12,2611-BE-,14061-DE-HE,1,375.5,2611-BE- -> 14061-DE-HE,1,375.5,2611-BE- -> 14061-DE-HE,0.0
2023-05-10,13,1103-NL-,20766-FR-IDF,1,250.24,1103-NL- -> 20766-FR-IDF,1,250.24,1103-NL- -> 20766-FR-IDF,0.0
2023-05-10,13,1267-IT-82,12552-SE-AB,1,233.02,1267-IT-82 -> 12552-SE-AB,1,233.02,1267-IT-82 -> 12552-SE-AB,0.0
2023-05-10,13,2611-BE-,14061-DE-HE,1,401.41,2611-BE- -> 14061-DE-HE,1,401.41,2611-BE- -> 14061-DE-HE,0.0
2023-05-10,14,1103-NL-,20766-FR-IDF,1,255.42,1103-NL- -> 20766-FR-IDF,1,255.42,1103-NL- -> 20766-FR-IDF,0.0
2023-05-10,14,1267-IT-82,12552-SE-AB,1,232.46,1267-IT-82 -> 12552-SE-AB,1,232.46,1267-IT-82 -> 12552-SE-AB,0.0
2023-05-10,14,2611-BE-,14061-DE-HE,1,454.17,2611-BE- -> 14061-DE-HE,1,454.17,2611-BE- -> 14061-DE-HE,0.0
2023-05-10,15,1103-NL-,20766-FR-IDF,1,263.95,1103-NL- -> 20766-FR-IDF,1,263.95,1103-NL- -> 20766-FR-IDF,0.0
2023-05-10,15,1267-IT-82,12552-SE-AB,1,239.47,1267-IT-82 -> 12552-SE-AB,1,239.47,1267-IT-82 -> 12552-SE-AB,0.0
2023-05-10,15,2611-BE-,14061-DE-HE,1,507.92,2611-BE- -> 14061-DE-HE,1,507.92,2611-BE- -> 14061-DE-HE,0.0
2023-05-10,16,1103-NL-,20766-FR-IDF,1,276.77,1103-NL- -> 20766-FR-IDF,1,276.77,1103-NL- -> 20766-FR-IDF,0.0
2023-05-10,16,1267-IT-82,12552-SE-AB,1,252.63,1267-IT-82 -> 12552-SE-AB,1,252.63,1267-IT-82 -> 12552-SE-AB,0.0
2023-05-10,16,2611-BE-,14061-DE-HE,1,560.04,2611-BE- -> 14061-DE-HE,1,560.04,2611-BE- -> 14061-DE-HE,0.0
2023-05-10,17,1103-NL-,20766-FR-IDF,1,289.18,1103-NL- -> 20766-FR-IDF,1,289.18,1103-NL- -> 20766-FR-IDF,0.0
2023-05-10,17,1267-IT-82,12552-SE-AB,1,267.61,1267-IT-82 -> 12552-SE-AB,1,267.61,1267-IT-82 -> 12552-SE-AB,0.0
2023-05-10,17,2611-BE-,14061-DE-HE,1,608.96,2611-BE- -> 14061-DE-HE,1,608.96,2611-BE- -> 14061-DE-HE,0.0
2023-05-10,18,1103-NL-,20766-FR-IDF,1,328.92,1103-NL- -> 20766-FR-IDF,1,328.92,1103-NL- -> 20766-FR-IDF,0.0
2023-05-10,18,1267-IT-82,12552-SE-AB,1,271.22,1267-IT-82 -> 12552-SE-AB,1,271.22,1267-IT-82 -> 12552-SE-AB,0.0
2023-05-10,18,2611-BE-,14061-DE-HE,1,633.85,2611-BE- -> 14061-DE-HE,1,633.85,2611-BE- -> 14061-DE-HE,0.0
2023-05-10,19,1103-NL-,20766-FR-IDF,1,413.69,1103-NL- -> 20766-FR-IDF,1,413.69,1103-NL- -> 20766-FR-IDF,0.0
2023-05-10,19,1267-IT-82,12552-SE-AB,1,275.6,1267-IT-82 -> 12552-SE-AB,1,275.6,1267-IT-82 -> 12552-SE-AB,0.0
2023-05-10,19,2611-BE-,14061-DE-HE,1,654.66,2611-BE- -> 14061-DE-HE,1,654.66,2611-BE- -> 14061-DE-HE,0.0
2023-05-10,20,1103-NL-,20766-FR-IDF,1,431.14,1103-NL- -> 20766-FR-IDF,1,431.14,1103-NL- -> 20766-FR-IDF,0.0
2023-05-10,20,1267-IT-82,12552-SE-AB,1,268.17,1267-IT-82 -> 12552-SE-AB,1,268.17,1267-IT-82 -> 12552-SE-AB,0.0
2023-05-10,20,2611-BE-,14061-DE-HE,1,676.38,2611-BE- -> 14061-DE-HE,1,676.38,2611-BE- -> 14061-DE-HE,0.0
2023-05-10,21,1103-NL-,20766-FR-IDF,1,424.43,1103-NL- -> 20766-FR-IDF,1,424.43,1103-NL- -> 20766-FR-IDF,0.0
2023-05-10,21,1267-IT-82,12552-SE-AB,1,234.42,1267-IT-82 -> 12552-SE-AB,1,234.42,1267-IT-82 -> 12552-SE-AB,0.0
2023-05-10,21,2611-BE-,14061-DE-HE,1,679.74,2611-BE- -> 14061-DE-HE,1,679.74,2611-BE- -> 14061-DE-HE,0.0
2023-05-10,22,1103-NL-,20766-FR-IDF,1,422.74,1103-NL- -> 20766-FR-IDF,1,422.74,1103-NL- -> 20766-FR-IDF,0.0
2023-05-10,22,1267-IT-82,12552-SE-AB,1,203.64,1267-IT-82 -> 12552-SE-AB,1,203.64,1267-IT-82 -> 12552-SE-AB,0.0
2023-05-10,22,2611-BE-,14061-DE-HE,1,651.23,2611-BE- -> 14061-DE-HE,1,651.23,2611-BE- -> 14061-DE-HE,0.0
2023-05-10,23,1103-NL-,20766-FR-IDF,1,413.91,1103-NL- -> 20766-FR-IDF,1,413.91,1103-NL- -> 20766-FR-IDF,0.0
2023-05-10,23,1267-IT-82,12552-SE-AB,1,188.79,1267-IT-82 -> 12552-SE-AB,1,188.79,1267-IT-82 -> 12552-SE-AB,0.0
2023-05-10,23,2611-BE-,14061-DE-HE,1,626.74,2611-BE- -> 14061-DE-HE,1,626.74,2611-BE- -> 14061-DE-HE,0.0
2023-06-10,0,1103-NL-,20766-FR-IDF,1,137.66,1103-NL- -> 20766-FR-IDF,1,137.66,1103-NL- -> 20766-FR-IDF,0.0
2023-06-10,0,1267-IT-82,12552-SE-AB,1,208.43,1267-IT-82 -> 12552-SE-AB,1,208.43,1267-IT-82 -> 12552-SE-AB,0.0
2023-06-10,0,2611-BE-,14061-DE-HE,1,320.66,2611-BE- -> 14061-DE-HE,1,320.66,2611-BE- -> 14061-DE-HE,0.0
2023-06-10,1,1103-NL-,20766-FR-IDF,1,140.14,1103-NL- -> 20766-FR-IDF,1,140.14,1103-NL- -> 20766-FR-IDF,0.0
2023-06-10,1,1267-IT-82,12552-SE-AB,1,204.82,1267-IT-82 -> 12552-SE-AB,1,204.82,1267-IT-82 -> 12552-SE-AB,0.0
2023-06-10,1,2611-BE-,14061-DE-HE,1,310.23,2611-BE- -> 14061-DE-HE,1,310.23,2611-BE- -> 14061-DE-HE,0.0
2023-06-10,2,1103-NL-,20766-FR-IDF,1,138.95,1103-NL- -> 20766-FR-IDF,1,138.95,1103-NL- -> 20766-FR-IDF,0.0
2023-06-10,2,1267-IT-82,12552-SE-AB,1,220.6,1267-IT-82 -> 12552-SE-AB,1,220.6,1267-IT-82 -> 12552-SE-AB,0.0
2023-06-10,2,2611-BE-,14061-DE-HE,1,305.28000000000003,2611-BE- -> 14061-DE-HE,1,305.28000000000003,2611-BE- -> 14061-DE-HE,0.0
2023-06-10,3,1103-NL-,20766-FR-IDF,1,133.84,1103-NL- -> 20766-FR-IDF,1,133.84,1103-NL- -> 20766-FR-IDF,0.0
2023-06-10,3,1267-IT-82,12552-SE-AB,1,197.69,1267-IT-82 -> 12552-SE-AB,1,197.69,1267-IT-82 -> 12552-SE-AB,0.0
2023-06-10,3,2611-BE-,14061-DE-HE,1,311.63,2611-BE- -> 14061-DE-HE,1,311.63,2611-BE- -> 14061-DE-HE,0.0
2023-06-10,4,1103-NL-,20766-FR-IDF,1,110.72,1103-NL- -> 20766-FR-IDF,1,110.72,1103-NL- -> 20766-FR-IDF,0.0
2023-06-10,4,1267-IT-82,12552-SE-AB,1,209.88,1267-IT-82 -> 12552-SE-AB,1,209.88,1267-IT-82 -> 12552-SE-AB,0.0
2023-06-10,4,2611-BE-,14061-DE-HE,1,301.4,2611-BE- -> 14061-DE-HE,1,301.4,2611-BE- -> 14061-DE-HE,0.0
2023-06-10,5,1103-NL-,20766-FR-IDF,1,74.72999999999999,1103-NL- -> 20766-FR-IDF,1,74.72999999999999,1103-NL- -> 20766-FR-IDF,0.0
2023-06-10,5,1267-IT-82,12552-SE-AB,1,176.9,1267-IT-82 -> 12552-SE-AB,1,176.9,1267-IT-82 -> 12552-SE-AB,0.0
2023-06-10,5,2611-BE-,14061-DE-HE,1,289.86,2611-BE- -> 14061-DE-HE,1,289.86,2611-BE- -> 14061-DE-HE,0.0
2023-06-10,6,1103-NL-,20766-FR-IDF,1,59.010000000000005,1103-NL- -> 20766-FR-IDF,1,59.010000000000005,1103-NL- -> 20766-FR-IDF,0.0
2023-06-10,6,1267-IT-82,12552-SE-AB,1,175.34,1267-IT-82 -> 12552-SE-AB,1,175.34,1267-IT-82 -> 12552-SE-AB,0.0
2023-06-10,6,2611-BE-,14061-DE-HE,1,281.75,2611-BE- -> 14061-DE-HE,1,281.75,2611-BE- -> 14061-DE-HE,0.0
2023-06-10,7,1103-NL-,20766-FR-IDF,1,49.32,1103-NL- -> 20766-FR-IDF,1,49.32,1103-NL- -> 20766-FR-IDF,0.0
2023-06-10,7,1267-IT-82,12552-SE-AB,1,177.42,1267-IT-82 -> 12552-SE-AB,1,177.42,1267-IT-82 -> 12552-SE-AB,0.0
2023-06-10,7,2611-BE-,14061-DE-HE,1,237.62,2611-BE- -> 14061-DE-HE,1,237.62,2611-BE- -> 14061-DE-HE,0.0
2023-06-10,8,1103-NL-,20766-FR-IDF,1,42.06,1103-NL- -> 20766-FR-IDF,1,42.06,1103-NL- -> 20766-FR-IDF,0.0
2023-06-10,8,1267-IT-82,12552-SE-AB,1,162.69000000000003,1267-IT-82 -> 12552-SE-AB,1,162.69000000000003,1267-IT-82 -> 12552-SE-AB,0.0
2023-06-10,8,2611-BE-,14061-DE-HE,1,201.51,2611-BE- -> 14061-DE-HE,1,201.51,2611-BE- -> 14061-DE-HE,0.0
2023-06-10,9,1103-NL-,20766-FR-IDF,1,38.75,1103-NL- -> 20766-FR-IDF,1,38.75,1103-NL- -> 20766-FR-IDF,0.0
2023-06-10,9,1267-IT-82,12552-SE-AB,1,162.04,1267-IT-82 -> 12552-SE-AB,1,162.04,1267-IT-82 -> 12552-SE-AB,0.0
2023-06-10,9,2611-BE-,14061-DE-HE,1,179.8,2611-BE- -> 14061-DE-HE,1,179.8,2611-BE- -> 14061-DE-HE,0.0
2023-06-10,10,1103-NL-,20766-FR-IDF,1,37.85,1103-NL- -> 20766-FR-IDF,1,37.85,1103-NL- -> 20766-FR-IDF,0.0
2023-06-10,10,1267-IT-82,12552-SE-AB,1,156.31,1267-IT-82 -> 12552-SE-AB,1,156.31,1267-IT-82 -> 12552-SE-AB,0.0
2023-06-10,10,2611-BE-,14061-DE-HE,1,168.31,2611-BE- -> 14061-DE-HE,1,168.31,2611-BE- -> 14061-DE-HE,0.0
2023-06-10,11,1103-NL-,20766-FR-IDF,1,36.76,1103-NL- -> 20766-FR-IDF,1,36.76,1103-NL- -> 20766-FR-IDF,0.0
2023-06-10,11,1267-IT-82,12552-SE-AB,1,151.42000000000002,1267-IT-82 -> 12552-SE-AB,1,151.42000000000002,1267-IT-82 -> 12552-SE-AB,0.0
2023-06-10,11,2611-BE-,14061-DE-HE,1,166.61,2611-BE- -> 14061-DE-HE,1,166.61,2611-BE- -> 14061-DE-HE,0.0
2023-06-10,12,1103-NL-,20766-FR-IDF,1,37.620000000000005,1103-NL- -> 20766-FR-IDF,1,37.620000000000005,1103-NL- -> 20766-FR-IDF,0.0
2023-06-10,12,1267-IT-82,12552-SE-AB,1,155.94,1267-IT-82 -> 12552-SE-AB,1,155.94,1267-IT-82 -> 12552-SE-AB,0.0
2023-06-10,12,2611-BE-,14061-DE-HE,1,169.28,2611-BE- -> 14061-DE-HE,1,169.28,2611-BE- -> 14061-DE-HE,0.0
2023-06-10,13,1103-NL-,20766-FR-IDF,1,35.660000000000004,1103-NL- -> 20766-FR-IDF,1,35.660000000000004,1103-NL- -> 20766-FR-IDF,0.0
2023-06-10,13,1267-IT-82,12552-SE-AB,1,146.46,1267-IT-82 -> 12552-SE-AB,1,146.46,1267-IT-82 -> 12552-SE-AB,0.0
2023-06-10,13,2611-BE-,14061-DE-HE,1,174.51,2611-BE- -> 14061-DE-HE,1,174.51,2611-BE- -> 14061-DE-HE,0.0
2023-06-10,14,1103-NL-,20766-FR-IDF,1,37.13,1103-NL- -> 20766-FR-IDF,1,37.13,1103-NL- -> 20766-FR-IDF,0.0
2023-06-10,14,1267-IT-82,12552-SE-AB,1,162.49,1267-IT-82 -> 12552-SE-AB,1,162.49,1267-IT-82 -> 12552-SE-AB,0.0
2023-06-10,14,2611-BE-,14061-DE-HE,1,191.05,2611-BE- -> 14061-DE-HE,1,191.05,2611-BE- -> 14061-DE-HE,0.0
2023-06-10,15,1103-NL-,20766-FR-IDF,1,44.05,1103-NL- -> 20766-FR-IDF,1,44.05,1103-NL- -> 20766-FR-IDF,0.0
2023-06-10,15,1267-IT-82,12552-SE-AB,1,170.86,1267-IT-82 -> 12552-SE-AB,1,170.86,1267-IT-82 -> 12552-SE-AB,0.0
2023-06-10,15,2611-BE-,14061-DE-HE,1,243.37,2611-BE- -> 14061-DE-HE,1,243.37,2611-BE- -> 14061-DE-HE,0.0
2023-06-10,16,1103-NL-,20766-FR-IDF,1,70.93,1103-NL- -> 20766-FR-IDF,1,70.93,1103-NL- -> 20766-FR-IDF,0.0
2023-06-10,16,1267-IT-82,12552-SE-AB,1,212.81,1267-IT-82 -> 12552-SE-AB,1,212.81,1267-IT-82 -> 12552-SE-AB,0.0
2023-06-10,16,2611-BE-,14061-DE-HE,1,291.39,2611-BE- -> 14061-DE-HE,1,291.39,2611-BE- -> 14061-DE-HE,0.0
2023-06-10,17,1103-NL-,20766-FR-IDF,1,109.95,1103-NL- -> 20766-FR-IDF,1,109.95,1103-NL- -> 20766-FR-IDF,0.0
2023-06-10,17,1267-IT-82,12552-SE-AB,1,221.97,1267-IT-82 -> 12552-SE-AB,1,221.97,1267-IT-82 -> 12552-SE-AB,0.0
2023-06-10,17,2611-BE-,14061-DE-HE,1,346.21,2611-BE- -> 14061-DE-HE,1,346.21,2611-BE- -> 14061-DE-HE,0.0
2023-06-10,18,1103-NL-,20766-FR-IDF,1,144.86,1103-NL- -> 20766-FR-IDF,1,144.86,1103-NL- -> 20766-FR-IDF,0.0
2023-06-10,18,1267-IT-82,12552-SE-AB,1,248.45,1267-IT-82 -> 12552-SE-AB,1,248.45,1267-IT-82 -> 12552-SE-AB,0.0
2023-06-10,18,2611-BE-,14061-DE-HE,1,389.91,2611-BE- -> 14061-DE-HE,1,389.91,2611-BE- -> 14061-DE-HE,0.0
2023-06-10,19,1103-NL-,20766-FR-IDF,1,192.8,1103-NL- -> 20766-FR-IDF,1,192.8,1103-NL- -> 20766-FR-IDF,0.0
2023-06-10,19,1267-IT-82,12552-SE-AB,1,237.68,1267-IT-82 -> 12552-SE-AB,1,237.68,1267-IT-82 -> 12552-SE-AB,0.0
2023-06-10,19,2611-BE-,14061-DE-HE,1,404.2,2611-BE- -> 14061-DE-HE,1,404.2,2611-BE- -> 14061-DE-HE,0.0
2023-06-10,20,1103-NL-,20766-FR-IDF,1,230.64,1103-NL- -> 20766-FR-IDF,1,230.64,1103-NL- -> 20766-FR-IDF,0.0
2023-06-10,20,1267-IT-82,12552-SE-AB,1,234.82,1267-IT-82 -> 12552-SE-AB,1,234.82,1267-IT-82 -> 12552-SE-AB,0.0
2023-06-10,20,2611-BE-,14061-DE-HE,1,415.37,2611-BE- -> 14061-DE-HE,1,415.37,2611-BE- -> 14061-DE-HE,0.0
2023-06-10,21,1103-NL-,20766-FR-IDF,1,231.1,1103-NL- -> 20766-FR-IDF,1,231.1,1103-NL- -> 20766-FR-IDF,0.0
2023-06-10,21,1267-IT-82,12552-SE-AB,1,242.29,1267-IT-82 -> 12552-SE-AB,1,242.29,1267-IT-82 -> 12552-SE-AB,0.0
2023-06-10,21,2611-BE-,14061-DE-HE,1,400.73,2611-BE- -> 14061-DE-HE,1,400.73,2611-BE- -> 14061-DE-HE,0.0
2023-06-10,22,1103-NL-,20766-FR-IDF,1,201.42,1103-NL- -> 20766-FR-IDF,1,201.42,1103-NL- -> 20766-FR-IDF,0.0
2023-06-10,22,1267-IT-82,12552-SE-AB,1,208.34,1267-IT-82 -> 12552-SE-AB,1,208.34,1267-IT-82 -> 12552-SE-AB,0.0
2023-06-10,22,2611-BE-,14061-DE-HE,1,363.59,2611-BE- -> 14061-DE-HE,1,363.59,2611-BE- -> 14061-DE-HE,0.0
2023-06-10,23,1103-NL-,20766-FR-IDF,1,183.42,1103-NL- -> 20766-FR-IDF,1,183.42,1103-NL- -> 20766-FR-IDF,0.0
2023-06-10,23,1267-IT-82,12552-SE-AB,1,201.65,1267-IT-82 -> 12552-SE-AB,1,201.65,1267-IT-82 -> 12552-SE-AB,0.0
2023-06-10,23,2611-BE-,14061-DE-HE,1,343.01,2611-BE- -> 14061-DE-HE,1,343.01,2611-BE- -> 14061-DE-HE,0.0
