source_as,target_as,path_length
7522-JP-36,8619-GB-ENG,4
44165-RU-,749-US-,4
30722-IT-25,133832-ID-,4
201529-GB-ENG,22773-US-AZ,4
15239-US-NJ,6167-US-FL,4
21422-GB-,3209-DE-BW,4
44381-NO-50,18563-CA-ON,4
4249-US-,40846-CA-ON,4
397773-US-MD,17858-KR-41,4
749-US-,204343-RU-MOW,4
198400-AT-9,16625-AU-NSW,4
4739-AU-SA,41265-DE-,4
21928-US-,135454-ID-,4
749-US-,24260-JP-13,4
3215-FR-,18128-JP-26,4
34885-AT-5,21826-VE-M,4
23679-ID-JK,52013-FR-,4
53775-US-PA,16625-FR-IDF,4
17865-KR-,7029-US-NC,4
6713-MA-04,2510-JP-,4
54058-US-,16625-US-GA,4
224-NO-54,13043-DE-,4
33643-US-NM,62676-US-MI,4
204694-IT-72,4808-CN-BJ,4
4249-US-,10264-CA-ON,4
57111-IT-75,24183-NZ-CAN,4
58811-CN-,10497-US-VA,4
140020-ID-JB,198878-ES-,4
8659-CH-,49505-RU-,4
207819-EE-,16625-US-CA,4
150266-ID-,17858-KR-41,4
50624-FR-IDF,58231-RU-,4
200350-RU-MOW,16625-US-TX,4
57608-GB-,19554-CA-,4
9723-AU-VIC,36791-US-OR,4
34098-RU-,16625-JP-13,4
16625-US-TX,43514-IL-M,4
17116-US-NY,17766-AU-,4
5723-US-MD,16625-GB-ENG,4
17574-KR-,22394-US-,4
26631-US-,7011-US-CA,4
61612-BR-SP,7522-JP-38,4
131847-KR-41,16625-NL-NH,4
64050-SG-,137217-NZ-AUK,4
59801-RU-,3741-ZA-KZN,4
17676-JP-14,17595-KR-,4
37542-ZA-FS,51964-DE-HE,4
9808-CN-,139873-AU-WA,4
131946-JP-,7922-US-FL,4
4898-US-TX,24364-CN-,4
4181-US-WI,205379-SI-,4
1729-SE-,207096-GB-,4
2841-SE-O,701-US-MD,4
8111-CA-NS,57506-NO-,4
205887-DE-,7018-US-CA,4
7922-US-CO,201603-SK-TA,4
9318-KR-11,204793-DK-83,4
201503-DK-84,16625-DE-HE,4
1221-AU-QLD,17429-CN-,4
47288-TR-22,327934-TN-,4
21506-BR-DF,9808-CN-,4
133411-US-,16625-GB-ENG,4
205308-PL-18,5603-SI-070,4
264693-CO-CAU,6167-US-CA,4
37963-CN-GD,56467-GB-,4
30029-US-OK,207322-SE-,4
9459-KR-11,17060-US-,4
31200-RU-NVS,21464-GB-ENG,4
134368-HK-,8151-MX-JAL,4
140061-CN-,29063-BE-,4
33442-CZ-64,36365-US-NY,4
37014-BW-GA,44477-DE-HE,4
7715-TH-,3320-DE-BY,4
150710-AU-NSW,9808-CN-,4
44477-JP-13,133377-PH-,4
393594-US-,7713-ID-JI,4
16625-ES-MD,40339-GB-,4
54434-US-NM,17553-ID-BT,4
20115-US-SC,922-DE-BW,4
212466-IL-D,4249-GB-ENG,4
1136-NL-ZH,2504-JP-,4
3215-FR-,2385-KR-48,4
395930-US-PA,1715-FR-,4
37501-ZA-GP,36574-US-SC,4
43703-RO-,17906-AU-VIC,4
30722-IT-25,14609-US-,4
16625-NL-NH,210909-US-,4
27983-AR-V,149431-SG-,4
140610-SG-,4771-NZ-AUK,4
13156-PT-15,25182-NL-UT,4
19233-US-HI,16625-DE-HE,4
135474-ID-,17858-KR-11,4
55564-AU-,9924-TW-TXG,4
3352-ES-MD,48349-RU-,4
3303-CH-AG,23817-JP-15,4
29863-US-,16625-US-VA,4
17816-CN-GD,64032-ID-,4
17865-KR-,3215-FR-ARA,4
62886-US-IA,749-US-,4
25252-SE-,2510-JP-,4
8167-BR-GO,49044-SK-,4
27650-CO-CAU,7155-US-WA,4
17576-KR-50,16625-US-VA,4
32410-US-MA,17506-JP-14,4
132879-TH-,7922-US-IN,4
16625-US-TX,395584-US-,4
149931-ID-JK,138195-CN-,4
2907-JP-13,27365-US-,4
46049-ID-JT,749-US-,4
9159-FR-IDF,64277-US-NY,4
749-US-,61146-SE-X,4
17799-CN-,139710-PH-40,4
16625-SG-,400381-US-TX,4
17858-KR-11,400255-US-NJ,4
16625-ES-MD,264625-AR-B,4
37963-CN-SH,136972-AU-QLD,4
224-NO-30,7384-US-TX,4
205668-NL-NH,134762-CN-,4
30679-US-,36884-MA-04,4
30722-IT-25,200627-RU-,4
4713-JP-,23093-US-,4
30336-CA-QC,37963-CN-BJ,4
1932-US-NY,9658-PH-00,4
749-US-,8819-PL-14,4
9812-CN-,396184-CA-,4
4249-GB-ENG,205862-FR-IDF,4
200911-BE-,209-US-CO,4
6167-US-FL,9632-KR-41,4
208817-PL-08,749-US-,4
36884-MA-07,59780-CH-,4
4739-AU-NT,2914-JP-,4
9919-TW-,393669-US-CA,4
16625-JP-13,44994-FR-,4
8612-IT-25,7377-US-CA,4
30850-GR-,28198-BR-MG,4
34516-GR-,16504-US-TX,4
210258-GB-ENG,16625-US-WA,4
136980-NZ-,749-US-,4
49905-RU-,17858-KR-11,4
209430-PL-14,5650-US-CA,4
7738-BR-MG,24463-AU-NSW,4
6167-US-IL,202666-NL-,4
23969-TH-10,15380-CZ-10,4
16625-DE-HE,213338-IT-62,4
32906-IL-M,51964-SG-,4
51964-IE-,60922-GB-ENG,4
10846-US-IL,15827-LV-RIX,4
6805-DE-BE,24134-CN-,4
3352-ES-AN,27609-US-CA,4
49450-RU-MOW,4249-GB-ENG,4
200978-DE-HH,17858-KR-41,4
17858-KR-11,52787-BR-MG,4
13464-US-NY,6810-IL-M,4
57350-PT-,2914-GB-,4
61317-US-IL,16625-SG-,4
3352-ES-CT,132370-AU-QLD,4
376-CA-,31087-IT-52,4
16625-US-TX,400771-US-,4
12400-IL-M,38216-AU-,4
393886-US-FL,44477-SE-AB,4
41475-RU-,16625-DE-HE,4
398808-US-NC,55960-CN-HN,4
51964-SG-,26189-US-TX,4
40849-US-KY,4739-AU-SA,4
16371-ES-,12389-RU-SPE,4
11847-US-ME,9408-AU-WA,4
16625-FR-IDF,16633-GB-ENG,4
204847-SE-AB,10796-US-OH,4
16625-JP-13,4393-US-,4
43259-GB-ENG,8362-FR-GES,4
16625-US-IL,10063-KR-,4
749-US-,922-DE-BY,4
395139-US-NY,2269-FR-,4
4739-AU-WA,14148-US-,4
6167-US-FL,327901-ZA-GP,4
23229-CA-QC,9808-CN-,4
39727-SI-061,4847-CN-BJ,4
21334-HU-BU,24261-JP-,4
61712-BR-MG,8048-VE-,4
22586-US-GA,4739-AU-,4
19615-US-FL,5619-NO-03,4
36004-CA-NB,13043-DE-,4
399802-US-,6167-US-,4
16625-US-IL,32696-US-,4
29709-US-OH,23820-JP-13,4
398719-US-MS,13940-US-CA,4
210684-FR-,6834-DK-84,4
7029-US-PA,59103-JP-,4
212337-GR-G,4713-JP-,4
15169-US-,203261-PL-30,4
4739-AU-VIC,37519-ZA-KZN,4
237-US-,395514-US-MI,4
19760-US-TX,68-US-,4
37693-TN-,207311-PL-20,4
3215-FR-IDF,35351-RO-HR,4
51964-GB-ENG,7029-US-KY,4
35805-GE-TB,131923-JP-34,4
7667-JP-,16625-US-FL,4
1289-US-NY,55422-AU-,4
23779-JP-,680-DE-NW,4
46460-US-,4835-CN-,4
38398-KR-,1256-US-,4
265606-MX-SLP,147082-ID-,4
11378-US-CO,210542-PH-00,4
16478-US-PA,28573-BR-SP,4
16625-US-CA,262851-BR-MG,4
58542-CN-TJ,132805-SG-,4
22350-US-SC,51964-SG-,4
15557-FR-ARA,138003-TH-,4
6167-US-IN,47273-PL-12,4
9299-PH-03,372-US-,4
17931-JP-13,36375-US-MI,4
399743-CA-ON,3215-FR-,4
12389-RU-SPE,206075-NL-LI,4
47754-FR-,51964-IE-,4
38389-KR-,24835-EG-C,4
264291-BR-SC,31117-SK-ZI,4
32027-US-,16071-FR-,4
15063-US-,8402-RU-MOW,4
16625-US-FL,23354-US-,4
16625-US-CA,32931-US-,4
749-US-,207232-BE-VLG,4
4780-TW-,37992-TH-10,4
396086-US-MA,28917-RU-,4
4739-AU-NT,19855-US-TX,4
10377-US-,6713-MA-06,4
33363-US-FL,266269-BR-PE,4
34156-DE-HE,7018-US-FL,4
16625-US-WA,41803-BG-,4
58563-CN-HB,397896-CA-QC,4
45899-VN-SG,20983-PL-,4
2856-GB-ENG,396155-US-TX,4
749-US-,204847-SE-AB,4
8135-US-GA,2906-US-CA,4
328266-ZA-WC,14799-US-,4
4739-AU-QLD,30412-US-CA,4
16625-GB-ENG,10790-US-NY,4
394773-US-TN,16625-IT-25,4
34530-PL-,44477-SE-AB,4
27502-US-CA,6805-DE-BE,4
7922-US-CO,55379-JP-13,4
39812-RU-SVE,207496-RU-,4
9919-TW-,22598-US-TX,4
1221-AU-NSW,36323-US-,4
397473-US-TX,9674-TW-KHH,4
263771-VE-A,4538-CN-,4
23428-US-,749-US-,4
6812-GB-ENG,150666-HK-HCW,4
16625-ES-MD,38396-KR-41,4
12210-US-CA,3301-SE-M,4
135474-ID-,4739-AU-,4
17961-JP-18,10349-US-LA,4
9808-CN-,262897-BR-SP,4
26254-US-,1213-IE-L,4
142111-US-VA,198222-GB-,4
22394-US-,201698-DE-,4
38706-KR-,3215-FR-IDF,4
36603-US-KY,6167-US-TX,4
12093-CA-ON,9812-CN-,4
7552-VN-HN,4155-US-NJ,4
55430-SG-,29345-LV-,4
43408-GB-,17623-CN-,4
9824-JP-14,132619-AU-WA,4
701-US-NJ,210196-LU-CA,4
209-US-ID,44358-DE-,4
33873-DE-,9316-KR-,4
60175-DE-BW,51964-HK-,4
24173-VN-,45327-US-,4
11550-US-IN,9802-CN-,4
14103-US-MI,9674-TW-KHH,4
60333-GB-,6713-MA-04,4
23808-JP-13,11172-MX-MEX,4
9919-TW-,31922-US-NY,4
136757-AU-,16625-DE-HE,4
17937-JP-,3352-ES-AN,4
36992-EG-C,44043-RO-,4
37168-ZA-GP,59448-HU-,4
22394-US-,207228-RU-,4
394877-US-NJ,16625-US-TX,4
270-US-MD,4766-KR-,4
9919-TW-TPE,42390-DE-BY,4
224-NO-03,54526-US-GA,4
16625-US-VA,205254-IQ-,4
36992-EG-C,262930-CO-DC,4
19901-US-TX,60314-ES-,4
15962-SK-BC,45727-ID-JK,4
11659-US-KS,3352-ES-MD,4
12580-PL-,25512-CZ-80,4
7922-US-IN,132482-TH-,4
1221-AU-NSW,49142-CZ-10,4
52888-BR-,7029-US-KY,4
1103-NL-,26898-US-,4
394759-US-,271840-EC-X,4
41373-GB-ENG,4837-CN-,4
16625-US-VA,2152-US-CA,4
18881-BR-BA,50501-GR-,4
766-ES-VC,8694-NL-ZH,4
3352-ES-AN,131960-JP-,4
4739-AU-,39104-FR-,4
150494-ID-SU,6167-US-CA,4
18779-US-,61328-EE-37,4
137234-AU-VIC,4812-CN-SH,4
201178-TR-34,40497-US-MN,4
18442-US-NJ,16625-US-WA,4
11094-US-,16895-US-CA,4
14340-GB-ENG,201246-FR-IDF,4
54982-US-CA,44477-CH-BE,4
45362-KR-,9809-CN-,4
16625-GB-ENG,198198-HK-,4
25871-US-DC,16625-SG-,4
9808-CN-,13715-US-IN,4
6855-SK-PV,27941-CO-VAC,4
12843-DE-,24517-AU-NSW,4
212082-UZ-,62166-IT-45,4
328884-ZA-FS,4780-TW-TPE,4
7029-US-GA,9773-KR-11,4
55133-US-,749-US-,4
30931-US-,17055-US-UT,4
7029-US-GA,204322-GB-ENG,4
204990-DE-HB,16625-US-IL,4
7922-US-TN,9421-AU-,4
7155-FR-IDF,262930-CO-,4
3329-GR-I,48884-ES-CT,4
23844-CN-,9318-KR-41,4
209372-GB-ENG,292-US-,4
26950-US-,63783-JP-11,4
210482-DE-BE,19043-US-MD,4
6805-DE-HH,61390-RU-UD,4
32613-CA-QC,16625-ES-MD,4
151321-AU-VIC,8437-AT-3,4
398734-CA-QC,44477-SE-AB,4
231-US-MI,45881-AU-,4
26098-US-NC,16625-US-NJ,4
13480-US-VA,1103-NL-NH,4
6813-ES-,4760-HK-HCW,4
53215-BR-SP,17858-KR-11,4
15677-GB-SCT,9304-HK-HCW,4
3265-NL-FL,19840-US-MA,4
9916-TW-NWT,62248-EE-,4
37963-CN-ZJ,132808-AU-QLD,4
24835-EG-C,54803-US-NV,4
9824-JP-14,262213-CL-CO,4
37963-CN-BJ,198637-PL-14,4
36992-EG-C,23489-US-CA,4
141771-CN-HE,802-CA-,4
5713-ZA-WC,56000-CN-SH,4
803-CA-SK,197478-ES-AR,4
2708-MX-BCN,205212-CA-ON,4
4812-CN-,39343-IL-JM,4
61086-FR-,31898-US-VA,4
269988-CL-RM,7029-US-PA,4
45-US-,4812-CN-SH,4
45973-KR-11,12455-KE-30,4
41182-SI-159,138195-CN-,4
1136-NL-NH,20697-IT-,4
9919-TW-,46639-US-,4
34488-SI-151,6167-US-FL,4
33363-US-FL,198644-SI-,4
204095-CH-BE,24863-EG-C,4
264798-AR-B,9342-AU-VIC,4
22773-US-OK,54762-US-OH,4
17983-AU-VIC,8423-RO-B,4
199993-PT-,4134-CN-,4
6079-US-IL,268118-BR-RS,4
9096-AT-,4193-US-WA,4
3215-FR-IDF,32390-US-NY,4
9893-AU-VIC,49124-RU-,4
205793-DK-,1930-PT-15,4
3786-KR-41,203613-PL-02,4
3215-FR-,55032-US-CT,4
749-US-,38171-ID-BT,4
28685-NL-GE,46964-US-MA,4
1221-AU-NSW,265606-MX-SLP,4
17858-KR-41,204410-AT-6,4
150187-ID-,22561-US-MO,4
16625-FR-IDF,46924-US-SC,4
58652-JP-,7922-US-CO,4
16625-GB-ENG,328543-ZA-,4
136190-CN-,18191-AU-VIC,4
200373-CA-ON,21803-US-CO,4
7018-US-TX,149043-AU-QLD,4
8075-IN-MH,197999-AT-5,4
9591-JP-21,4760-HK-HCW,4
139785-AU-WA,7018-US-CA,4
262450-BR-RJ,9919-TW-NWT,4
208035-GB-,12389-RU-SPE,4
25136-BE-WAL,20115-US-WI,4
199352-IT-21,22773-US-AZ,4
16625-ES-MD,54442-CA-BC,4
9808-CN-,396486-CA-ON,4
9198-KZ-71,207186-LT-,4
29314-PL-14,4739-AU-SA,4
5089-GB-ENG,63615-CN-SH,4
43838-GB-ENG,45899-VN-SG,4
6855-SK-KI,262213-CL-CO,4
6124-US-NY,13213-GB-,4
270-US-MD,58149-DE-NW,4
22773-US-OK,44651-HU-BU,4
9919-TW-NWT,38642-JP-,4
37492-TN-11,24026-KR-,4
201183-IT-,7377-US-CA,4
49278-NO-30,37233-NE-8,4
27405-US-NH,42119-RU-SPE,4
395514-US-WI,749-US-,4
7018-US-CA,13849-US-,4
6830-CH-ZH,135381-TH-,4
29841-US-TX,16625-DE-HE,4
2119-NO-34,41035-US-,4
201976-ES-,8447-AT-2,4
701-US-VA,3917-NL-,4
2895-RU-,749-US-,4
16625-AU-NSW,5610-CZ-10,4
16625-US-VA,9849-KR-27,4
400497-US-MD,12741-PL-02,4
32162-US-PA,4812-CN-,4
7029-US-PA,199971-SI-061,4
51590-PL-22,4812-CN-,4
4812-CN-SH,56551-ES-,4
4713-JP-,394080-US-,4
16625-US-VA,25740-US-CA,4
44477-GB-ENG,6713-MA-06,4
9848-KR-,201123-RU-,4
17676-JP-14,264185-BR-RS,4
20115-US-NC,398441-US-GA,4
20619-RU-,4134-CN-GD,4
3741-ZA-GP,4739-AU-QLD,4
3295-DE-HE,16019-CZ-64,4
209001-HU-BK,3462-TW-TAO,4
4249-US-,36801-US-,4
749-US-,210300-PT-13,4
32906-US-MA,17623-CN-,4
46023-ID-BT,17858-KR-41,4
45537-TH-10,12479-ES-AN,4
16625-FR-IDF,2532-US-VA,4
18390-AU-VIC,46512-US-TN,4
54672-CA-,1835-DK-84,4
197930-FI-18,4249-US-,4
4812-CN-SH,29827-US-WA,4
131949-JP-,4812-CN-,4
15557-FR-ARA,204667-ES-CN,4
151191-NZ-AUK,9394-CN-,4
3209-DE-HE,139655-SG-,4
36410-US-,21826-VE-K,4
134548-US-,398006-CA-NL,4
197616-LV-JEL,35916-US-CA,4
8480-RU-,3352-ES-VC,4
28685-NL-NB,22394-US-,4
44682-RO-,24586-NL-,4
3301-SE-M,45207-AU-WA,4
44994-FR-IDF,4713-JP-,4
137968-AU-WA,209-US-MN,4
24357-CN-,54437-US-TX,4
9591-JP-29,7922-US-TN,4
27862-VE-A,36947-DZ-16,4
45752-TH-,12576-GB-ENG,4
61040-RU-,12479-ES-VC,4
3215-FR-IDF,196743-EE-,4
16625-US-FL,12849-IL-TA,4
6306-VE-,21339-GB-ENG,4
36603-US-KY,17858-KR-41,4
22950-CA-SK,29467-FR-GES,4
2607-SK-BL,30401-US-CO,4
16625-JP-13,10212-CN-,4
14017-US-TX,204290-DK-,4
27947-EC-P,131993-IN-KA,4
16625-US-NJ,200291-DE-,4
327849-ZA-GP,33363-US-FL,4
209-US-OR,28157-BR-RS,4
50484-NO-,9316-KR-41,4
26615-BR-GO,703-HK-HCW,4
134766-CN-,133419-AU-VIC,4
197997-BG-,20115-US-CA,4
9009-ES-MD,7588-TH-50,4
17858-KR-41,18128-JP-26,4
27951-CO-DC,9506-SG-,4
3352-ES-VC,41714-IL-TA,4
36794-US-OH,3352-ES-CT,4
37963-CN-BJ,44029-HU-BU,4
6805-DE-BW,204452-FI-,4
394219-US-NV,20343-US-CA,4
56533-GB-,6167-US-,4
202928-US-,7922-US-MI,4
2523-JP-,209-US-UT,4
39436-BE-,16625-US-VA,4
16625-US-TX,42312-DE-,4
132638-ID-JT,47377-BE-VLG,4
2518-JP-12,16104-SI-085,4
47446-DE-HH,44477-SE-AB,4
36884-MA-06,17766-AU-,4
4766-KR-41,208441-AT-3,4
203583-HU-CS,3352-ES-CN,4
23613-JP-,749-US-,4
137008-HK-,7922-US-WA,4
149440-US-CA,37963-CN-BJ,4
5518-LV-,16625-US-IL,4
16625-US-CA,396475-CA-AB,4
12148-US-SC,36992-EG-C,4
17506-JP-14,55142-US-MS,4
33361-CA-,51164-FI-,4
16625-GB-ENG,138945-AU-VIC,4
195-US-,16478-US-,4
209258-GB-ENG,9316-KR-28,4
46528-US-ID,174-US-CA,4
19843-US-CO,2907-JP-13,4
393585-US-OH,16625-FR-IDF,4
7018-US-FL,24069-AU-NSW,4
3209-DE-NW,782-FR-GES,4
396054-US-,16625-AU-NSW,4
15063-US-,7922-US-MI,4
30722-IT-62,131720-ID-,4
212225-DE-,4739-AU-SA,4
35350-US-GA,198610-RU-SPE,4
4780-TW-TAO,27731-CO-,4
23724-CN-,27735-CL-,4
12079-US-,56838-PL-10,4
54914-US-VA,17858-KR-11,4
268839-BR-,21826-VE-B,4
62218-RU-SPE,15516-DK-84,4
1103-NL-UT,16990-CL-RM,4
27957-VE-A,45062-CN-,4
210314-US-,1136-NL-UT,4
7552-VN-SG,26787-US-,4
18517-US-CT,31167-FR-IDF,4
10753-US-,46059-ID-,4
36992-EG-,39041-PL-,4
4205-US-,7018-US-,4
150438-AU-QLD,7922-US-CO,4
50123-FR-IDF,10846-US-IL,4
16625-AU-NSW,35965-US-AZ,4
3265-NL-FL,197564-SE-AB,4
26662-US-OR,213084-AT-,4
141229-AU-VIC,3215-FR-ARA,4
55260-US-GA,7018-US-,4
17506-JP-13,216130-IL-M,4
45537-TH-10,5400-NL-NH,4
24985-PL-,12302-RO-B,4
63548-CN-,8167-BR-PR,4
8535-PL-14,133414-AU-,4
4193-US-WA,8111-CA-,4
64280-US-,9808-CN-,4
749-US-,10343-US-,4
32460-US-NJ,9919-TW-NWT,4
611-CA-NB,204996-NO-18,4
5653-US-,213122-US-VA,4
22808-US-IL,16625-IT-25,4
16580-CA-,16625-US-FL,4
14739-US-IL,2269-FR-IDF,4
393598-CA-SK,20804-PL-,4
33602-CA-,267699-EC-L,4
9906-HK-,9121-TR-34,4
262210-PE-LAL,29926-US-GA,4
16625-US-IL,22262-US-IL,4
26341-US-NY,16625-NL-NH,4
63949-US-NJ,205403-SI-,4
58318-US-DE,9605-JP-13,4
7018-US-FL,210731-DK-,4
57117-ES-,17676-JP-13,4
36992-EG-,207518-RU-,4
50988-PL-12,5650-US-FL,4
211453-SE-O,3215-FR-IDF,4
44477-ES-MD,393844-US-OK,4
12389-RU-ALT,197470-SI-082,4
34183-AT-,37002-RE-,4
749-US-,15474-IS-1,4
3215-FR-IDF,131257-TH-84,4
11277-US-NJ,4249-GB-ENG,4
12322-FR-IDF,16373-ES-,4
205409-BE-,20940-US-IL,4
43477-CH-,327934-TN-,4
18881-BR-SC,205571-DE-NW,4
63634-CN-,4884-US-CA,4
19153-US-TN,17676-JP-14,4
23615-JP-12,56294-AU-VIC,4
16006-SK-KI,6805-DE-HH,4
210156-FR-NAQ,1101-NL-,4
12389-RU-SPE,203762-NL-ZH,4
18390-AU-VIC,263550-BR-BA,4
9308-CN-,12874-IT-25,4
7018-US-TX,200351-CA-,4
51066-AT-,6306-VE-A,4
21928-US-,150937-ID-JB,4
207568-EE-37,4780-TW-TXG,4
3136-US-WI,31167-FR-,4
37457-ZA-GP,207592-DE-NI,4
3215-FR-IDF,18373-KR-,4
200182-US-CA,22773-US-LA,4
9808-CN-,55845-AU-,4
18276-JP-27,7922-US-CA,4
17623-CN-GD,27877-AR-S,4
140006-ID-,7321-US-,4
396861-US-FL,231-US-MI,4
36566-US-PA,17858-KR-41,4
9342-AU-VIC,197311-RU-,4
27983-AR-E,2518-JP-13,4
15457-PT-30,10796-US-OH,4
139659-HK-,22394-US-,4
5378-GB-ENG,210731-DK-83,4
36884-MA-03,35013-RU-MOW,4
16625-US-GA,197085-GB-SCT,4
64241-US-WA,48037-NL-,4
211109-GR-B,4134-CN-,4
209998-SK-,21928-US-,4
16625-SG-,13882-US-CT,4
45079-CN-,36992-EG-C,4
30917-HU-BU,8151-MX-JAL,4
701-US-NJ,132482-TH-,4
27997-AR-X,9812-CN-,4
18081-JP-27,11710-US-NM,4
199589-ES-,135377-IN-MH,4
22794-NL-,9408-AU-QLD,4
134818-NZ-AUK,7922-US-MI,4
1226-US-CA,19428-GB-ENG,4
400383-US-CA,3562-US-,4
131159-JP-06,8683-US-,4
20115-US-AL,197999-AT-,4
22394-US-,19133-US-,4
11845-ZA-WC,134690-TH-10,4
2675-CA-ON,47708-SE-,4
12741-PL-14,45847-TH-,4
211313-RO-B,3215-FR-ARA,4
28097-EC-,22773-US-VA,4
17676-JP-27,25951-IN-,4
43259-GB-ENG,8048-VE-,4
11951-US-,16625-US-IL,4
55514-TH-,51964-IE-,4
14605-US-WV,239-CA-ON,4
9808-CN-,267120-BR-MG,4
13866-US-OR,37963-CN-BJ,4
291-US-TN,45376-KR-,4
18779-US-,43655-ES-CT,4
55379-JP-13,61337-GB-ENG,4
9835-TH-,55379-JP-13,4
1221-AU-QLD,56223-TH-,4
196773-FR-PAC,42120-HU-,4
17506-JP-13,43045-RU-MOW,4
4782-TW-YUN,35405-AU-,4
209-US-CO,38184-TH-,4
4677-JP-10,1853-AT-3,4
17421-TW-NWT,9835-TH-,4
24268-JP-22,16625-US-TX,4
8620-SK-,36375-US-MI,4
12479-ES-CT,60643-RU-,4
2637-US-GA,42854-HU-BU,4
7828-US-NY,9919-TW-NWT,4
44407-FR-IDF,20011-ZA-KZN,4
2799-SE-,29614-GH-AA,4
136261-SG-,16625-FR-IDF,4
263428-BR-,140979-CN-,4
62797-US-OH,1307-FR-IDF,4
20359-US-,2501-JP-13,4
9824-JP-13,63165-US-GA,4
209-US-UT,201529-GB-ENG,4
16625-US-FL,395862-US-AR,4
64212-US-NV,6306-VE-A,4
6167-US-CA,46042-ID-JB,4
36992-EG-,11659-US-KS,4
13266-NL-,18566-US-CA,4
21928-US-,198637-PL-14,4
3561-US-,398927-US-OK,4
16625-IT-25,35313-BH-13,4
134148-SG-,37130-ZA-WC,4
200990-HR-,17506-JP-14,4
196902-GB-ENG,18530-US-CA,4
37942-CN-,12849-IL-HA,4
35424-IE-,3352-ES-CT,4
37492-TN-,197835-IT-62,4
204615-SC-,12389-RU-,4
136167-CN-,4010-US-MD,4
38333-AU-,11686-US-TN,4
9323-KR-,29614-GH-AA,4
266849-US-,4780-TW-TXG,4
23669-AU-NSW,14383-US-,4
4713-JP-,20983-PL-02,4
42851-BE-BRU,701-US-MD,4
63156-US-NV,17858-KR-41,4
132676-ID-,36925-MA-06,4
7155-ES-MD,397604-US-NY,4
211276-IT-,211444-US-CA,4
9808-CN-,43547-RS-00,4
328434-ZA-,73-US-WA,4
7922-US-TX,213152-CZ-,4
60697-FR-IDF,2527-JP-27,4
4766-KR-11,202669-FR-IDF,4
16625-AU-NSW,16908-US-NY,4
209-US-AZ,132616-AU-VIC,4
749-US-,396345-US-VA,4
4739-AU-WA,31984-US-,4
22773-US-LA,43279-IT-,4
32537-US-MI,8612-IT-62,4
3786-KR-11,395991-CA-,4
131221-TH-21,9318-KR-41,4
6855-SK-ZI,208564-GB-,4
8437-AT-3,149446-AU-,4
10036-KR-41,1761-US-TX,4
12479-ES-CT,23826-JP-23,4
11237-CO-DC,39855-ES-MD,4
9394-CN-,28157-BR-,4
210081-PL-12,21928-US-,4
196731-DE-,7018-US-,4
141679-CN-,3265-NL-GE,4
9316-KR-11,3955-CA-ON,4
44651-HU-BU,17676-JP-13,4
701-US-NY,200775-US-,4
29575-GB-,2522-JP-13,4
3265-NL-GE,32489-CA-ON,4
2494-AT-3,9370-JP-,4
7922-US-CO,23615-JP-12,4
61328-EE-37,5650-US-FL,4
32537-SG-,376-CA-QC,4
21504-US-CA,231-US-MI,4
44358-DE-,28118-DO-01,4
199233-FR-NAQ,17676-JP-14,4
29016-GB-ENG,16625-AU-NSW,4
7155-FR-IDF,267748-CL-RM,4
3302-IT-52,23777-JP-13,4
38502-ID-,243-US-TX,4
131677-TW-,7545-AU-NSW,4
13746-US-,3209-DE-NW,4
57503-RU-,3352-ES-CT,4
10924-US-FL,7377-US-CA,4
35832-GB-ENG,4808-CN-BJ,4
133760-TH-,3462-TW-TXG,4
205046-DE-NW,18034-KR-,4
2860-PT-13,2021-BR-,4
147312-TH-,3209-DE-HE,4
2907-JP-,394800-US-OH,4
56223-TH-,5391-HR-21,4
140061-CN-,396951-US-TX,4
24287-JP-,7029-US-GA,4
16030-ES-CT,42663-LV-JEL,4
1103-NL-,17055-US-,4
9394-CN-,263491-BR-SP,4
24456-HK-,4249-GB-ENG,4
16625-US-FL,205545-GB-ENG,4
1221-AU-VIC,15776-US-,4
198492-IL-M,12353-PT-11,4
16761-US-,17506-JP-14,4
17766-AU-,49490-GB-,4
137-IT-52,64212-US-,4
53065-BR-PR,224-NO-42,4
7268-US-WI,3215-FR-IDF,4
7922-US-CO,136737-TH-10,4
48428-PL-10,3352-ES-MD,4
46690-US-CT,23805-JP-10,4
8895-SA-04,224-NO-46,4
55990-CN-,63249-US-SC,4
35223-LI-03,32067-US-MO,4
6568-BO-L,140075-TH-,4
38641-JP-27,17421-TW-NWT,4
10796-US-OH,28301-BR-,4
197727-NL-NH,16625-JP-13,4
8991-GR-M,45090-CN-,4
6932-US-MA,51532-RU-MOW,4
4739-AU-,29591-NL-,4
211444-US-NY,3209-DE-NW,4
22773-US-LA,13223-FR-,4
262210-PE-LMA,58850-CN-SH,4
138810-ID-JB,5432-BE-VLG,4
15557-FR-ARA,55992-CN-,4
3215-FR-,58436-SG-,4
11489-CA-,132514-TH-,4
16625-IT-25,34254-PL-12,4
17858-KR-41,37691-ZA-,4
45558-MM-,55960-CN-HN,4
27946-CL-,22773-US-NV,4
205308-PL-06,749-US-,4
26615-BR-RJ,203331-HU-,4
1729-SE-AB,142316-ID-,4
9808-CN-,329307-NG-,4
262441-BR-,15557-FR-IDF,4
7377-US-CA,59507-DE-,4
37963-CN-GD,9135-DE-NW,4
8317-RO-,42831-GB-ENG,4
208966-NO-18,9908-HK-HCW,4
1221-AU-QLD,32141-US-AZ,4
59632-RO-,12479-ES-MD,4
701-US-NY,10227-TH-,4
924-US-,15169-US-,4
44477-GB-ENG,265606-MX-HID,4
33363-US-FL,9394-CN-,4
35872-US-,9506-SG-,4
23969-TH-10,212312-IE-L,4
4780-TW-TXG,204445-DE-,4
12301-HU-,3923-US-,4
30730-PL-,10796-US-OH,4
151846-AU-,37963-CN-ZJ,4
9790-NZ-AUK,21973-US-FL,4
39551-ES-CT,39781-FR-,4
9808-CN-,133361-ID-,4
17358-US-,3352-ES-MD,4
136471-AU-NSW,58461-CN-,4
9089-FR-IDF,3786-KR-11,4
3786-KR-41,134064-TH-,4
4249-GB-ENG,7965-VE-A,4
17269-US-SC,4249-GB-ENG,4
28971-ES-MD,16625-US-CA,4
4739-AU-NSW,202766-ES-AN,4
33401-US-,10507-US-,4
199509-IT-,16625-JP-13,4
11756-US-CA,7922-US-TX,4
668-US-,201870-CH-,4
29801-US-TX,6406-US-TN,4
48482-CH-,3215-FR-,4
7018-US-FL,43844-SE-M,4
53618-CA-,37963-CN-GD,4
131993-GB-ENG,26615-BR-BA,4
16625-IT-25,17181-CA-AB,4
270249-BR-ES,36992-EG-,4
16643-US-VA,16625-US-FL,4
198470-SI-144,4538-CN-,4
46081-US-TN,13904-US-TX,4
4249-US-,64288-US-TN,4
703-HK-,46745-US-GA,4
19215-US-TN,10377-US-,4
131960-JP-40,7922-US-WA,4
22394-US-,12686-RU-,4
4010-US-CO,60220-GB-ENG,4
19635-US-SC,2907-JP-,4
51964-DE-HE,207900-GB-,4
16625-US-FL,210113-RU-,4
3215-FR-IDF,264653-CO-ANT,4
4249-GB-ENG,395009-US-WA,4
270138-MX-OAX,3136-TH-10,4
1205-AT-4,15346-US-,4
22085-BR-SP,11102-US-,4
7018-US-,55302-AU-NSW,4
3786-KR-,58318-FR-IDF,4
109-US-NC,139753-TH-12,4
38758-ID-JK,27883-AR-B,4
6306-VE-A,6871-GB-ENG,4
396411-US-PA,3352-ES-AN,4
16625-US-VA,17477-AU-QLD,4
4690-JP-,7029-US-TX,4
195-US-,6805-DE-HH,4
2894-US-CA,46473-US-TX,4
32274-US-MI,10474-ZA-GP,4
23463-US-NY,3215-FR-ARA,4
9686-KR-11,17328-CA-ON,4
137311-ID-JB,3215-FR-ARA,4
20339-US-NY,6966-US-,4
37963-CN-SH,29626-GB-,4
18881-BR-MG,41021-GB-,4
47217-IT-25,16625-AU-NSW,4
18179-TW-,21826-VE-M,4
397681-US-VA,749-US-,4
8151-MX-JAL,38936-GB-ENG,4
23779-JP-,268568-BR-MG,4
270348-BR-AM,13043-DE-,4
202853-ES-CT,15474-IS-1,4
63783-JP-,5410-FR-IDF,4
17816-CN-GD,23555-KR-,4
26934-US-MO,63783-JP-11,4
36791-US-OR,16625-ES-MD,4
8437-AT-3,9023-AT-3,4
17858-KR-41,28256-BR-SP,4
198492-IL-JM,37480-NG-LA,4
209-US-WA,23615-JP-23,4
1101-NL-,197653-FR-ARA,4
4766-KR-,38936-GB-ENG,4
58507-AU-QLD,56481-SI-,4
23309-US-CA,18779-US-,4
3301-SE-O,198292-IT-55,4
23520-US-,47209-ES-,4
201087-SE-AB,12479-ES-AN,4
37990-AU-QLD,22773-US-LA,4
7029-US-KY,89-US-,4
17799-CN-,51981-RU-,4
3215-FR-IDF,43905-NO-,4
22230-US-,2856-GB-ENG,4
55380-JP-17,19302-US-DC,4
7465-BR-RS,213218-GR-I,4
16625-US-CA,36798-US-ME,4
147039-IN-MH,28118-DO-01,4
3352-ES-MD,213077-RU-DA,4
16624-NL-,6871-GB-ENG,4
12479-ES-CT,200133-BE-WAL,4
7713-ID-YO,8221-BE-VLG,4
15557-FR-NAQ,23848-CN-,4
150438-AU-QLD,17676-JP-13,4
37168-ZA-GP,263204-AR-,4
43665-SE-,7922-US-TN,4
2018-ZA-WC,57716-SK-PV,4
12384-SE-C,10474-ZA-WC,4
38325-TW-,53180-BR-BA,4
16625-FR-IDF,19600-US-OH,4
48068-IL-,132199-PH-10,4
196640-MT-,131627-TW-TPE,4
399438-CA-ON,16625-IT-25,4
1653-SE-AB,37963-CN-ZJ,4
16625-US-WA,18373-KR-41,4
262220-CO-ANT,7029-US-PA,4
208373-SE-N,4808-CN-BJ,4
14459-US-,16625-US-NJ,4
139262-HK-,12479-ES-MD,4
30744-IL-Z,36992-EG-C,4
4808-CN-BJ,142038-AU-NSW,4
4771-NZ-AUK,49318-GB-ENG,4
140224-HK-,29821-US-TX,4
3257-US-,57350-PT-15,4
7715-TH-12,6461-CA-,4
262829-BR-,54572-US-,4
17816-CN-GD,263122-BR-SP,4
2860-PT-13,45084-CN-BJ,4
45763-AU-VIC,264495-BR-RR,4
263271-BR-RJ,2510-JP-,4
15557-FR-IDF,38803-AU-VIC,4
197095-DE-,209-US-FL,4
7018-US-,141714-TH-,4
22773-US-OK,28157-BR-,4
9518-AU-WA,9824-JP-11,4
12991-AT-,9198-KZ-71,4
37963-CN-SH,55581-AU-NSW,4
22773-US-LA,34717-SI-061,4
12754-PS-,11237-CO-ANT,4
6167-US-IL,271074-BR-SP,4
131225-AU-VIC,20011-ZA-KZN,4
19200-BR-RS,46569-US-MI,4
12430-ES-MD,398492-US-NY,4
34001-LV-RIX,2609-TN-,4
15502-IE-L,8398-RU-,4
25038-DE-,44477-NL-DR,4
200314-GR-I,2856-GB-ENG,4
12042-US-MN,271920-VE-A,4
140726-CN-,205411-DE-,4
41819-SE-,138345-SG-,4
17591-KR-,18124-JP-,4
38417-KR-11,28573-BR-SP,4
207950-HU-BU,6167-US-,4
16625-JP-13,36925-MA-04,4
30036-US-IL,2840-SE-O,4
7377-US-CA,399951-US-,4
2907-JP-13,39837-AT-,4
34984-TR-,5480-RU-,4
1267-IT-21,4155-DE-MV,4
8737-NL-ZH,10545-US-DE,4
26995-US-TX,9808-CN-,4
16625-US-NJ,60925-GB-ENG,4
18682-US-GA,19901-US-VA,4
16625-US-VA,19152-CA-,4
24364-CN-,41500-RU-KEM,4
62588-US-,7377-US-CA,4
40126-CA-,6167-US-IN,4
140890-CN-,6167-US-FL,4
56397-RO-B,12252-PE-LMA,4
265478-BR-,9605-JP-,4
6306-VE-A,199031-LV-,4
200775-US-,9824-JP-13,4
138940-AU-NSW,33255-US-WA,4
132611-AU-,7018-US-,4
151571-ID-JK,39647-NL-NH,4
14598-US-NH,4782-TW-NWT,4
9303-NZ-GIS,22394-US-,4
24565-AU-,37963-CN-SH,4
17429-CN-,10962-US-,4
138633-AU-NSW,3215-FR-IDF,4
17506-JP-13,133606-TL-,4
54155-US-TN,18049-TW-TXG,4
132029-AU-ACT,4771-NZ-AUK,4
6167-US-IN,15933-DE-BY,4
50339-RU-MOW,36992-EG-C,4
6805-DE-BE,35476-SK-,4
6167-US-FL,267818-CL-RM,4
30740-GB-ENG,133785-NZ-,4
205862-FR-IDF,45090-CN-,4
231-US-MI,54250-US-,4
21928-US-,44264-HU-,4
205046-DE-BW,149923-ID-,4
1145-NL-UT,4847-CN-BJ,4
174-GB-ENG,139356-AU-VIC,4
3259-FR-,680-DE-NW,4
24675-IE-,6713-MA-06,4
4780-TW-NWT,34234-SE-,4
59739-ES-,51964-IE-,4
29104-FR-IDF,8075-US-AZ,4
679-AT-,15557-FR-HDF,4
37963-CN-ZJ,13566-US-MN,4
43902-DE-BE,6167-US-IN,4
224-NO-46,61923-BR-SP,4
9241-FJ-,51964-SG-,4
7922-US-GA,396320-US-MN,4
37963-CN-SH,25318-RO-,4
7575-AU-,31381-PL-18,4
17816-CN-,45780-AU-VIC,4
7018-US-CA,19200-BR-RS,4
20549-RU-,22047-CL-RM,4
27502-US-,22773-US-NV,4
9808-CN-,18906-US-FL,4
10367-US-NH,15933-DE-NW,4
21464-GB-ENG,17676-JP-27,4
271755-BR-,17676-JP-13,4
40044-US-MI,44477-FR-IDF,4
210995-ES-,10796-US-OH,4
20115-US-MI,57003-RU-,4
9808-CN-,135016-AU-NSW,4
2505-JP-,43205-BG-22,4
3215-FR-,199121-GB-,4
7122-CA-MB,38098-KR-,4
47736-EE-,22561-US-MT,4
43259-GB-ENG,47583-NL-DR,4
22773-US-AZ,3428-US-,4
57370-CH-FR,197507-PL-14,5
16625-US-WA,198637-PL-,5
57260-CH-,16625-US-VA,5
398116-US-MA,4739-AU-SA,5
4812-CN-SH,137241-TH-65,5
42687-FR-NAQ,135887-AU-NSW,5
4739-AU-NT,45090-CN-,5
8983-FI-18,4739-AU-SA,5
28256-BR-GO,16625-SG-,5
56003-CN-,22594-US-IA,5
142308-ID-,4155-DE-MV,5
199902-SE-,16625-AU-NSW,5
29223-PL-10,17858-KR-41,5
202600-PL-,9919-TW-,5
395534-US-NY,749-US-,5
1109-AT-5,22394-US-,5
4729-JP-13,398370-US-WI,5
59863-NO-,201924-SK-BL,5
7029-US-TX,50019-TR-34,5
4739-AU-QLD,52442-AR-B,5
16625-JP-13,270318-BR-RO,5
2094-FR-IDF,19901-US-WI,5
204614-IT-52,4155-US-ID,5
46626-CA-ON,16625-IT-25,5
25136-BE-WAL,28189-BR-SP,5
16625-NL-NH,197568-GB-,5
131257-TH-84,37963-CN-ZJ,5
201612-AT-,8075-IN-MH,5
16625-GB-ENG,216183-HK-HCW,5
46925-US-MT,6871-GB-ENG,5
26615-BR-GO,1321-US-,5
11014-AR-C,50019-TR-34,5
28573-BR-SP,23675-TW-,5
27652-BR-BA,16625-FR-IDF,5
262829-BR-,397514-US-,5
4739-AU-WA,63374-US-IL,5
135887-AU-QLD,203818-IE-,5
4739-AU-NSW,49744-GB-,5
16625-IT-25,32747-CA-NS,5
32136-US-NY,6619-KR-11,5
17858-KR-11,43941-PL-,5
54799-US-,17766-AU-,5
133543-TH-,16625-US-WA,5
2833-SE-AC,11144-US-,5
398467-US-TX,4812-CN-,5
55390-JP-13,39456-SK-,5
12309-IT-,55456-AU-VIC,5
57318-LV-,17858-KR-11,5
4739-AU-VIC,210849-DE-NW,5
51964-IE-,9571-KR-11,5
9919-TW-TPE,20125-US-,5
204793-DK-,21928-US-,5
270146-MX-TAB,9919-TW-NWT,5
394769-US-MI,16625-US-WA,5
3292-DK-82,55564-AU-SA,5
3265-NL-FL,133735-US-,5
16625-US-GA,213122-US-CA,5
132394-AU-VIC,6167-US-TX,5
4713-JP-,4739-AU-WA,5
14240-CA-ON,207087-GB-,5
4739-AU-NT,58318-AU-NSW,5
327934-TN-,1741-FI-19,5
262570-BR-,4155-US-NJ,5
1759-FI-18,397066-US-,5
38057-CN-,6871-GB-ENG,5
21218-GB-ENG,16625-ES-MD,5
39647-NL-OV,132619-AU-VIC,5
4739-AU-WA,9492-KR-11,5
204494-HU-,9316-KR-,5
24920-ES-,16625-US-VA,5
4739-AU-,33112-US-,5
8452-EG-ALX,43844-SE-C,5
16625-US-CA,59701-DK-,5
40127-US-MA,55379-JP-13,5
29063-NL-NB,38803-AU-VIC,5
11659-US-MO,14486-US-,5
51989-HR-21,51964-GB-ENG,5
4762-TH-10,6167-US-IN,5
51964-GB-ENG,200915-NO-46,5
4739-AU-,19545-BE-,5
203363-US-TX,4739-AU-NSW,5
16625-IT-25,205580-ES-GA,5
23687-TH-,9808-CN-,5
3352-ES-CN,2841-SE-O,5
16625-SG-,23463-US-NY,5
135887-AU-VIC,15116-US-,5
16625-US-TX,7313-BR-RJ,5
4739-AU-WA,395213-US-,5
265478-BR-SP,55410-IN-DL,5
399405-CA-ON,23615-JP-22,5
209854-DE-HE,4739-AU-SA,5
136624-TH-,9808-CN-,5
18128-JP-11,35822-PT-14,5
8971-AT-,4739-AU-NT,5
2510-JP-,32295-US-MD,5
17858-KR-41,395991-CA-,5
15856-RO-B,51164-FI-,5
51964-DE-HE,131868-KR-11,5
16625-FR-IDF,210158-ES-MD,5
1938-FR-BRE,135887-AU-NSW,5
12816-DE-BY,132201-TH-,5
24007-AU-QLD,40506-US-CA,5
210542-PH-00,18245-CN-,5
57792-RO-,51964-HK-,5
9674-TW-KHH,262513-BR-,5
9487-KR-41,4739-AU-WA,5
2119-SE-M,18371-AU-VIC,5
14650-KR-,4713-JP-,5
136980-NZ-,37963-CN-BJ,5
23853-CN-,1085-CA-SK,5
62792-US-FL,1741-FI-18,5
50237-IL-M,17766-AU-NSW,5
2715-BR-RJ,134690-TH-10,5
51964-HK-,53263-US-MI,5
4739-AU-NT,201329-CH-,5
263063-BR-SP,4739-AU-QLD,5
42948-SI-023,4739-AU-,5
4193-US-,3136-TH-10,5
4249-US-,393655-US-,5
397342-US-CA,36958-SC-16,5
20924-IT-25,6665-IT-,5
16625-NL-NH,31638-IT-45,5
11446-US-OH,16625-FR-IDF,5
56131-AU-,33361-CA-ON,5
45847-TH-,17858-KR-11,5
15232-US-,2510-JP-,5
200351-US-,22394-US-,5
26133-US-KY,4739-AU-NSW,5
6167-US-IN,21218-GB-ENG,5
16625-AU-NSW,53367-CA-NL,5
6167-US-IN,39098-FI-15,5
39057-AT-9,16625-US-GA,5
820-CA-,2518-JP-12,5
13267-CH-ZH,51964-IE-,5
134238-CN-ZJ,60220-GB-ENG,5
53087-BR-PB,3372-US-,5
207312-GB-ENG,24364-CN-,5
133760-TH-,6167-US-FL,5
4739-AU-SA,201896-FR-,5
2549-MX-JAL,24069-AU-VIC,5
60052-NO-03,2510-JP-,5
25267-ES-CT,9814-CN-,5
62102-CZ-,16625-US-NJ,5
4739-AU-NSW,36246-US-TX,5
17858-KR-41,60608-EE-37,5
21708-US-CA,3218-RU-,5
16625-GB-ENG,59775-DE-,5
5502-IT-,45685-JP-13,5
9842-KR-,51964-IE-,5
16625-US-TX,17300-CA-SK,5
16625-NL-NH,231-US-MI,5
3352-ES-MD,2839-SE-AB,5
9919-TW-,12762-AT-8,5
197746-GR-,4847-CN-BJ,5
202495-BE-VLG,24867-GB-,5
58318-ZA-WC,19096-US-,5
133042-TH-10,6167-US-FL,5
16625-ES-MD,23817-JP-15,5
200351-DK-84,33363-US-FL,5
27957-VE-R,127-US-CA,5
17858-KR-11,61612-BR-SP,5
62857-US-,4739-AU-NT,5
26818-US-,4155-US-ID,5
42818-IT-,4739-AU-QLD,5
10867-US-CA,13195-ES-MD,5
9674-TW-KHH,200437-PL-14,5
4739-AU-SA,32884-US-MI,5
15776-US-,9908-HK-HCW,5
137491-BD-,16625-US-FL,5
4249-GB-ENG,396954-US-MT,5
9655-MY-14,51964-HK-,5
26151-US-SC,131486-CN-,5
60227-IT-,134090-AU-VIC,5
27751-AR-Q,16625-US-IL,5
12511-CH-BE,207496-RU-,5
16625-DE-HE,21441-SI-,5
59067-CN-BJ,17506-JP-14,5
6167-US-IL,4762-TH-10,5
209998-SK-,398388-US-GA,5
32818-US-OH,16625-NL-NH,5
2850-IE-L,16625-AU-NSW,5
17622-CN-GD,41021-GB-,5
263434-BR-AM,4739-AU-SA,5
17676-JP-13,4802-AU-WA,5
15248-GB-ENG,4739-AU-QLD,5
4739-AU-WA,398998-US-CO,5
150717-AU-VIC,24134-CN-,5
44477-EE-37,55992-US-,5
7321-US-,31632-GB-,5
18131-JP-12,5619-NO-,5
132029-US-,19545-BE-,5
16625-ES-MD,27875-AR-M,5
4782-TW-TXG,15629-HU-BU,5
135887-AU-QLD,11878-US-,5
6167-US-TX,199155-PT-13,5
4739-AU-VIC,56006-CN-,5
16625-US-WA,38184-TH-14,5
6510-US-UT,206075-SE-AB,5
37963-CN-SH,35424-IE-L,5
198115-PL-14,58046-SI-061,5
46564-US-NJ,9308-CN-,5
51964-GB-ENG,23678-MY-,5
4739-AU-NT,265579-MX-HID,5
2834-SE-C,8452-EG-ALX,5
16625-NL-NH,9551-TH-,5
397735-CA-,4739-AU-SA,5
40585-US-,4739-AU-VIC,5
14977-US-WY,22251-US-MI,5
33167-US-,7641-CN-,5
2907-JP-,200351-US-MO,5
18682-US-,16625-US-VA,5
49554-RU-,19901-US-VA,5
16625-US-NJ,13200-PT-13,5
17638-CN-,4739-AU-WA,5
201816-SE-O,8452-EG-C,5
4739-AU-WA,205491-CA-QC,5
16625-US-NJ,28646-BR-,5
25951-IN-,8412-AT-9,5
55960-CN-HN,27178-US-,5
16625-US-GA,25310-GB-ENG,5
6256-US-,57002-GB-,5
272679-BR-,16625-GB-ENG,5
14743-US-CA,4739-AU-NSW,5
57514-RO-B,41340-SE-,5
4249-GB-ENG,1446-US-,5
4739-AU-NT,54313-US-,5
51275-HU-,18881-BR-RJ,5
7552-VN-SG,200133-BE-BRU,5
52334-CO-DC,9919-TW-,5
25102-DE-,9919-TW-TPE,5
28704-US-,9824-JP-11,5
8167-BR-GO,133095-US-,5
26615-BR-BA,133880-TH-10,5
51964-HK-,262526-BR-MT,5
17766-AU-NSW,16874-CL-RM,5
14499-PH-06,9475-TH-,5
16625-JP-13,14472-CA-ON,5
4155-DE-MV,55729-NZ-,5
2510-JP-,49580-CZ-,5
43757-CZ-,4739-AU-VIC,5
270-US-MD,210129-IT-82,5
27502-US-,1935-FR-NAQ,5
1770-US-TX,207186-LT-,5
714-US-,33703-US-NY,5
16625-US-CA,52259-AR-R,5
1043-CA-,16625-JP-13,5
48342-IE-L,9808-CN-,5
41076-DK-,16625-IT-25,5
4808-CN-BJ,48688-GB-ENG,5
25951-IN-,4812-CN-SH,5
43514-IL-M,4739-AU-,5
52991-BR-MG,36375-US-MI,5
2060-FR-ARA,17579-KR-,5
133747-TW-,151352-HK-,5
199255-FR-IDF,6167-US-,5
372-US-,7713-ID-YO,5
211838-LV-,16625-US-WA,5
4739-AU-WA,17581-KR-43,5
4739-AU-NT,48407-IQ-,5
14977-US-WY,2764-AU-QLD,5
2510-JP-,196743-EE-,5
61572-BR-,47-US-,5
5108-US-,1843-US-FL,5
13092-RS-20,48202-ES-CM,5
141413-NZ-,6167-US-FL,5
15295-US-CO,1293-US-,5
8167-BR-GO,17827-TH-12,5
12389-RU-KDA,51717-PL-,5
32167-HK-,16625-IT-25,5
9674-TW-KHH,138003-TH-,5
30255-US-NY,37492-TN-,5
18124-JP-,37457-ZA-GP,5
39857-FI-18,395608-US-CA,5
16625-NL-NH,22182-US-,5
34234-SE-,17858-KR-41,5
328186-ZA-LP,3136-BR-SP,5
9506-SG-,267764-AR-X,5
39493-RU-MOW,200555-ES-,5
51989-HR-21,41701-FI-18,5
4739-AU-,48108-RU-MOW,5
4249-GB-ENG,395036-US-PA,5
60620-FR-,5653-US-,5
271893-EC-G,16625-US-NJ,5
14945-US-OH,16625-JP-13,5
48037-NL-,9663-TW-TPE,5
198543-SK-BL,16625-AU-NSW,5
20115-US-MO,199155-PT-13,5
17421-TW-TAO,37937-CN-,5
43152-RU-,127-US-CA,5
4739-AU-,197202-CH-,5
55564-AU-SA,6805-DE-NW,5
36481-US-,9674-TW-,5
10430-US-WA,199869-KW-KU,5
51964-IE-,782-FR-GES,5
22950-CA-SK,2508-JP-40,5
16625-FR-IDF,396310-US-,5
10235-AU-NSW,26631-US-,5
134756-CN-JS,203712-ES-CT,5
206726-IE-L,9808-CN-,5
3372-US-,58328-SK-ZI,5
62827-US-,4739-AU-VIC,5
4010-US-CA,56076-AU-ACT,5
14336-CA-,9919-TW-NWT,5
205493-IT-,4739-AU-SA,5
4739-AU-SA,64288-US-,5
16625-US-WA,18976-US-KS,5
16625-AU-NSW,397894-CA-SK,5
51964-SG-,212453-HR-,5
12460-DE-NI,4739-AU-VIC,5
6167-US-IN,200911-BE-,5
270068-PE-ICA,2841-SE-O,5
224-NO-30,4739-AU-,5
45533-TH-14,46290-US-CA,5
4739-AU-NT,37130-ZA-GP,5
4249-GB-ENG,14921-US-,5
262829-BR-RJ,16019-CZ-10,5
1267-IT-75,1255-US-MA,5
17477-AU-QLD,204462-GR-,5
5488-BE-,133783-HK-,5
8167-BR-GO,132250-TH-,5
34610-SE-AC,37520-ZA-EC,5
3372-US-,55419-AU-SA,5
137198-TH-10,44477-RO-B,5
16625-SG-,21533-CA-,5
61340-FI-,10798-ZA-,5
16625-AU-NSW,603-CA-NB,5
1741-FI-18,15239-US-PA,5
202679-GB-,16625-DE-HE,5
202495-BE-VLG,37963-CN-ZJ,5
35567-BA-BRC,16625-US-VA,5
17676-JP-14,395534-US-NY,5
51964-SG-,399047-US-IN,5
16625-US-VA,46905-US-,5
395070-US-NC,204793-DK-84,5
1115-US-IL,36992-EG-C,5
57195-SE-,4739-AU-,5
40923-NL-,2833-SE-AC,5
37693-TN-,2831-SE-BD,5
132040-NZ-WGN,31452-BH-13,5
200351-US-FL,17676-JP-14,5
18142-JP-,396184-US-,5
199155-PT-08,3215-FR-IDF,5
16625-US-WA,25107-LV-RIX,5
16625-US-IL,18906-US-GA,5
25996-US-ID,12309-IT-,5
213123-IT-32,51753-ES-MD,5
204534-PL-06,17858-KR-11,5
17766-AU-NSW,6167-US-CA,5
9919-TW-TPE,203613-PL-02,5
199513-RO-TM,16625-US-GA,5
1117-AT-9,47467-SE-G,5
21296-GB-ENG,55960-CN-HN,5
23442-US-,1843-US-FL,5
16625-AU-NSW,31599-PL-,5
1113-AT-6,6167-US-TX,5
398287-US-FL,132029-AU-,5
197409-GB-ENG,37963-CN-ZJ,5
395399-CA-QC,3299-FR-PDL,5
16625-US-NJ,208482-FR-IDF,5
16625-US-TX,44477-VN-HN,5
7303-AR-B,2839-SE-AB,5
39686-NL-NB,1701-US-,5
56223-TH-10,23807-JP-25,5
1348-US-CA,137715-CN-SH,5
9273-KR-,6871-GB-ENG,5
513-CH-,24069-AU-VIC,5
35810-RU-,33703-US-NY,5
13833-US-NV,9919-TW-NWT,5
2119-SE-O,263313-BR-SP,5
4739-AU-NSW,28629-BR-DF,5
29494-DE-MV,39098-FI-15,5
16625-US-FL,210114-HU-BZ,5
200339-FR-,42110-RU-,5
60167-DE-NW,4739-AU-VIC,5
16625-NL-NH,55759-NZ-AUK,5
12684-FR-,47780-BE-VLG,5
1701-US-,36709-US-WA,5
7772-US-,22390-US-NY,5
37963-CN-SH,49460-SK-BC,5
1843-US-FL,8447-AT-7,5
27676-CL-RM,16625-US-CA,5
1256-US-MA,34822-NO-,5
16625-US-FL,263435-BR-MA,5
16625-US-CA,199577-LV-,5
29575-US-,16625-US-TX,5
19925-PL-22,272119-AR-,5
20163-GB-ENG,17506-JP-14,5
6203-US-,396086-US-,5
1128-NL-ZH,8991-GR-M,5
270044-AR-W,51964-GB-ENG,5
1267-IT-,396128-US-MA,5
8221-BE-,53180-BR-BA,5
3320-DE-BW,134229-AU-,5
16625-GB-ENG,4155-US-NJ,5
267840-VE-A,16625-GB-ENG,5
138538-HK-,135887-AU-NSW,5
211444-US-IL,208740-AT-3,5
26615-BR-BA,9546-TH-40,5
51717-PL-,12083-US-AL,5
16625-AU-NSW,208564-GB-,5
4739-AU-VIC,3729-US-,5
16006-SK-KI,28609-BR-,5
3352-ES-CT,198544-RU-SVE,5
231-US-MI,39444-FR-IDF,5
4739-AU-NSW,26968-CA-BC,5
18419-TW-NWT,40347-US-WI,5
16625-IT-25,679-AT-,5
196681-PL-24,17858-KR-41,5
30999-MU-,271755-BR-,5
58593-CN-SH,21339-GB-ENG,5
12816-DE-BY,18267-JP-26,5
29955-US-,17429-CN-,5
397066-US-,12479-ES-CT,5
2510-JP-,209336-GB-,5
36797-US-VA,4739-AU-SA,5
131993-GB-ENG,17858-KR-41,5
9927-PH-00,10235-AU-NSW,5
4739-AU-,9632-KR-48,5
199059-CZ-51,16625-GB-ENG,5
16625-SG-,36391-CA-BC,5
35452-GB-ENG,17429-CN-,5
207964-IT-82,2510-JP-,5
1241-GR-B,151188-TW-,5
9919-TW-NWT,262989-BR-DF,5
43513-LV-RIX,206132-GB-,5
1770-US-WA,17739-CN-,5
18881-BR-GO,137241-TH-,5
57514-RO-B,16625-SG-,5
34488-SI-041,51964-GB-ENG,5
201453-ES-VC,4739-AU-,5
36201-US-VA,1942-FR-ARA,5
23808-JP-13,20597-RU-,5
9475-TH-,37963-CN-GD,5
36850-US-NC,49934-ES-MD,5
16314-AT-3,24139-CN-,5
17858-KR-11,52184-RU-,5
51352-RU-,6871-GB-ENG,5
16625-SG-,1657-US-KY,5
49921-NL-,51964-IE-,5
400397-US-NY,262210-PE-LIM,5
17055-US-UT,16625-NL-NH,5
202898-FR-NAQ,224-NO-46,5
16625-US-WA,31581-HU-,5
20115-US-SC,372-US-,5
131293-TH-,17429-CN-,5
202466-GB-ENG,37963-CN-SH,5
224-NO-54,270735-BR-SP,5
49044-SK-BC,4812-CN-,5
17858-KR-41,200940-HU-,5
16625-US-TX,14659-CA-QC,5
18881-BR-DF,46788-US-WI,5
6713-MA-06,1701-US-,5
51964-DE-HE,263098-BR-AM,5
17766-AU-,27475-US-MA,5
51964-GB-ENG,33967-GB-ENG,5
58298-NO-50,16625-US-TX,5
6181-US-OH,41001-SE-,5
26609-BR-SP,8-US-TX,5
22047-CL-RM,565-FI-,5
2641-US-CA,44066-DE-HE,5
328884-ZA-FS,4812-CN-,5
4739-AU-QLD,205081-ES-,5
18142-JP-13,7377-US-CA,5
4739-AU-QLD,26118-BR-,5
4739-AU-SA,16653-US-DC,5
16625-US-WA,12361-GR-,5
398788-US-,2060-FR-ARA,5
924-US-,38442-FJ-,5
207430-FR-,16625-US-IL,5
16625-AU-NSW,200060-SE-AB,5
199155-PT-13,4713-JP-,5
7377-US-CA,60716-RU-,5
9919-TW-TPE,204492-RU-,5
9318-KR-41,135099-AU-,5
41916-SI-,16625-JP-13,5
327693-ZA-GP,9591-JP-,5
398992-US-,135887-AU-WA,5
16625-US-IL,19482-US-,5
36375-US-MI,133919-TH-,5
58532-AU-QLD,48514-SE-O,5
34984-TR-34,200351-US-MO,5
4713-JP-,44358-BG-,5
44477-AU-ACT,17687-JP-,5
263595-BR-SP,5516-PT-,5
44699-RU-,47-US-CA,5
12325-RO-B,51964-HK-,5
7965-VE-A,16625-GB-ENG,5
17451-ID-JI,205409-BE-,5
26787-US-WI,16625-US-GA,5
26615-BR-GO,34262-HU-,5
133042-TH-10,13092-RS-20,5
44358-FR-,8452-EG-ALX,5
24126-IN-,51964-IE-,5
51430-SE-,28222-BR-SP,5
22773-US-VA,51717-PL-02,5
25660-US-IL,211315-PL-,5
393932-CA-ON,51964-DE-HE,5
270020-CO-HUI,16625-DE-HE,5
8221-BE-VLG,16006-SK-KI,5
57350-PT-15,36992-EG-C,5
205093-ES-CN,4739-AU-,5
5480-RU-,26818-US-,5
37963-CN-ZJ,39857-FI-18,5
30937-ES-,1843-US-FL,5
134220-NZ-,9299-PH-00,5
51964-IE-,135024-NZ-,5
9316-KR-11,199155-PT-11,5
147039-US-MO,16625-US-TX,5
1843-US-,131099-KR-,5
60533-SK-BL,9808-CN-,5
4739-AU-WA,11612-US-,5
202997-ES-,2665-CA-,5
9506-SG-,24824-AT-3,5
3301-SE-AB,30255-US-NY,5
812-CA-ON,55564-AU-SA,5
48283-NL-,28952-SK-BL,5
16874-CL-RM,16625-US-NJ,5
9811-CN-,54438-US-UT,5
13161-RU-KLU,3215-FR-ARA,5
51964-DE-HE,35416-HR-,5
16625-US-GA,30882-BH-,5
211444-US-CA,44477-FI-18,5
4739-AU-,36792-CA-QC,5
31632-GB-ENG,44477-VN-HN,5
22773-US-VA,200133-BE-BRU,5
3265-NL-FL,204615-SE-,5
16625-US-GA,394788-US-MD,5
328543-ZA-,51964-GB-ENG,5
199155-PT-13,7029-US-TX,5
10235-AU-NSW,42310-IE-,5
201612-AT-,207995-GB-ENG,5
16625-US-GA,262570-BR-,5
206104-US-,5488-BE-,5
4739-AU-QLD,55158-DE-HE,5
9316-KR-,201603-SK-TA,5
16625-FR-IDF,211444-US-CA,5
28215-BR-,4783-TW-,5
18881-BR-RJ,132201-TH-10,5
201612-AT-,23969-TH-10,5
4739-AU-VIC,202466-NL-,5
11663-US-UT,202057-NO-,5
39594-RU-,4739-AU-WA,5
267788-CO-NAR,9991-JP-34,5
61506-CL-VS,16625-US-FL,5
197589-IT-52,10235-AU-VIC,5
28704-US-,4193-US-,5
199155-PT-17,5617-PL-02,5
22245-US-KS,16625-US-CA,5
4739-AU-QLD,58563-CN-HB,5
16625-ES-MD,27274-US-MI,5
21826-VE-M,135879-AU-,5
3215-FR-,57350-PT-,5
749-US-,35792-HU-,5
16625-US-VA,207312-GB-ENG,5
1213-IE-L,35328-SK-ZI,5
4808-CN-BJ,45847-TH-,5
199155-PT-08,61642-BR-SP,5
34262-HU-BZ,4538-CN-,5
4739-AU-SA,211453-SE-O,5
23817-JP-15,7922-US-IL,5
17622-CN-GD,60533-SK-BL,5
16625-FR-IDF,2494-AT-3,5
37963-CN-GD,38448-TH-,5
4780-TW-TAO,199993-PT-,5
28573-BR-SP,17766-AU-NSW,5
213152-CZ-10,8708-RO-B,5
4739-AU-SA,268961-BR-,5
59632-RO-,17506-JP-14,5
38027-CN-,29410-IL-TA,5
5516-PT-,328077-ZA-,5
224-NO-46,29959-US-WI,5
1207-US-,8737-NL-ZH,5
200351-US-,2119-NO-38,5
16625-IT-25,57623-SI-,5
201612-AT-,4538-CN-,5
17506-JP-14,1112-AT-3,5
25683-US-,16625-US-FL,5
22773-US-OK,42851-BE-VLG,5
13356-US-IA,16625-US-FL,5
207186-LT-KU,33771-KE-,5
55933-CN-,6056-US-ME,5
3265-NL-GE,5692-AR-B,5
4739-AU-,3166-SE-T,5
4713-JP-,134754-AU-QLD,5
59767-NO-,16625-US-FL,5
11188-US-CA,32537-SG-,5
396024-US-WA,16625-JP-13,5
398846-US-MN,55430-SG-,5
68-US-,210088-BE-,5
3352-ES-VC,6124-US-NY,5
58593-CN-SH,23043-US-FL,5
17324-US-NY,205039-GB-NIR,5
16625-IT-25,2114-ES-CN,5
197621-PL-26,4739-AU-VIC,5
4739-AU-WA,12935-SE-AB,5
19193-US-,135887-AU-QLD,5
133543-TH-,8412-AT-9,5
4802-AU-WA,50292-GB-ENG,5
18336-KR-,16625-SG-,5
16019-CZ-10,41035-BE-,5
6871-GB-ENG,78-US-,5
56002-CN-,5739-US-CA,5
38333-AU-,23434-US-IL,5
139829-AU-NSW,55286-US-NY,5
27833-AR-B,197767-US-,5
14650-KR-,4134-CN-GD,5
9518-AU-WA,6412-KW-,5
209123-FI-12,16625-FR-IDF,5
63148-US-PA,4739-AU-NSW,5
7377-US-CA,61086-FR-,5
393601-US-MO,4739-AU-VIC,5
4713-JP-,200351-US-NV,5
23817-JP-,17506-JP-14,5
21826-VE-M,59206-AU-WA,5
151332-NL-NH,16625-AU-NSW,5
268744-BR-,16625-SG-,5
15392-LV-RIX,51964-GB-ENG,5
668-US-,15496-FI-18,5
54949-US-NY,16625-NL-NH,5
136874-ID-JI,3734-US-CA,5
137691-CN-HL,133880-TH-,5
53785-US-NC,16625-US-VA,5
1341-US-IA,139179-CN-,5
21286-NL-NB,56105-AU-,5
17775-CN-,16693-US-AZ,5
18682-US-GA,9308-CN-,5
20011-ZA-GP,55973-CN-,5
4739-AU-NT,269980-CO-VAC,5
16625-US-TX,39965-US-,5
206191-IT-52,56131-AU-NSW,5
269077-BR-AM,16625-US-FL,5
16623-CA-AB,23817-JP-15,5
61457-CO-CUN,197840-PL-12,5
4739-AU-VIC,394109-US-FL,5
18371-AU-VIC,12322-FR-IDF,5
2715-BR-,36391-CA-BC,5
9016-PL-12,292-US-CA,5
268302-BR-MG,16625-NL-NH,5
44477-FR-IDF,137061-US-,5
3295-FR-IDF,44477-GR-I,5
56254-ID-,13940-US-CA,5
4739-AU-WA,57929-ES-,5
196997-DK-84,4739-AU-NSW,5
16625-US-TX,27650-CO-CAU,5
38327-AU-WA,58593-CN-SH,5
47324-HU-,18881-BR-SC,5
198984-PL-20,16625-FR-IDF,5
16625-US-IL,268864-BR-MT,5
16625-FR-IDF,396310-US-CA,5
16625-GB-ENG,209757-IT-,5
1701-US-,13329-US-,5
33190-US-,16625-IT-25,5
23781-JP-16,45732-ID-,5
58811-CN-BJ,11257-CA-AB,5
25149-SI-050,16625-SG-,5
49333-BE-WAL,6805-DE-HE,5
4739-AU-QLD,394855-US-,5
213181-AT-,37963-CN-ZJ,5
10322-US-TX,51964-GB-ENG,5
20011-ZA-GP,197115-FI-,5
9674-TW-,198214-PL-24,5
139442-ID-BT,264630-AR-Y,5
9674-TW-,395289-US-KY,5
16625-US-NJ,35487-DE-BE,5
201248-AT-,4739-AU-SA,5
22394-US-,2831-SE-BD,5
37520-ZA-EC,206714-EE-37,5
16625-GB-ENG,64288-TJ-DU,5
51964-HK-,54137-CA-ON,5
43844-SE-C,29841-US-LA,5
11714-US-NE,34885-AT-5,5
36992-EG-,200911-BE-,5
39857-FI-18,4713-JP-,5
4739-AU-,131842-KR-,5
50172-FR-,292-US-WA,5
224-NO-03,26820-US-KY,5
8748-SE-,39500-DK-,5
203697-RU-MOW,6192-US-CA,5
204595-EE-37,7377-US-CA,5
12618-PL-04,34939-US-,5
32735-CA-QC,16625-AU-NSW,5
45744-AU-QLD,12315-NL-NB,5
4249-US-,63156-US-TX,5
198307-SI-,2510-JP-,5
1843-US-FL,26373-US-NE,5
9316-KR-11,135381-TH-,5
9955-KR-,51964-IE-,5
1853-AT-1,209291-DK-,5
16625-NL-NH,61328-EE-37,5
210114-HU-BU,19184-US-,5
22476-CA-QC,16625-SG-,5
16625-US-TX,13492-US-,5
4739-AU-,30468-GB-ENG,5
14199-CA-ON,4739-AU-NSW,5
20619-RU-,22085-BR-SP,5
135097-HK-,57760-SK-BC,5
26615-BR-GO,1321-US-NJ,5
16625-GB-ENG,41643-PL-,5
197979-PL-22,16625-US-IL,5
44477-AU-ACT,55348-AU-,5
27924-TT-ARI,24260-JP-16,5
51275-HU-,37492-TN-12,5
9890-DE-,51964-GB-ENG,5
395534-US-,2119-NO-46,5
53626-US-,4739-AU-VIC,5
17506-JP-13,39837-AT-,5
44477-PT-11,213181-AT-,5
16625-AU-NSW,61572-BR-,5
16625-IT-25,36333-US-NC,5
31418-ES-,16625-US-NJ,5
4739-AU-NT,10996-CA-QC,5
201612-AT-,8151-MX-VER,5
16625-NL-NH,50237-IL-M,5
5483-HU-PE,37992-TH-10,5
199155-PT-11,17816-CN-GD,5
22310-US-OH,9809-CN-,5
50242-SK-KI,16625-AU-NSW,5
23065-US-,17766-AU-NSW,5
22394-US-,34262-HU-,5
24535-ID-BT,16625-IT-25,5
4618-TH-10,2060-FR-ARA,5
2607-SK-BL,32156-CA-,5
16625-DE-HE,26934-US-MO,5
55958-CN-,2607-SK-KI,5
1848-US-,28573-BR-SP,5
4249-US-,16919-US-,5
209111-GR-,4812-CN-SH,5
16625-FR-IDF,29276-SI-151,5
200133-BE-BRU,35916-US-CA,5
204494-HU-,51964-DE-HE,5
4739-AU-NT,27924-TT-POS,5
55124-CA-BC,16625-FR-IDF,5
51964-HK-,2701-US-,5
202451-CH-,39098-FI-,5
4739-AU-NSW,198811-PL-22,5
3260-GR-,134645-ID-BT,5
36375-US-,1715-FR-,5
9919-TW-TPE,36823-US-ME,5
6871-GB-ENG,30390-US-GA,5
208712-CZ-10,565-FI-,5
200373-US-VA,200481-ES-CT,5
14766-GB-ENG,6167-US-IN,5
64472-PT-13,195-US-,5
4739-AU-VIC,213016-GB-ENG,5
197932-DE-,16625-FR-IDF,5
9231-HK-HCW,4739-AU-NSW,5
1715-FR-,41969-DE-NW,5
135330-HK-,34878-DE-,5
22394-US-,137241-TH-65,5
16625-IT-25,147039-GB-ENG,5
49044-SK-BC,25996-US-NY,5
132201-TH-,17858-KR-11,5
7155-FR-IDF,206867-IT-,5
16625-US-VA,263235-AR-N,5
3215-FR-ARA,52141-RU-MOW,5
36321-US-VA,398846-US-MN,5
41701-FI-18,208277-PT-,5
1926-FI-18,209372-GB-ENG,5
16625-US-GA,264798-CL-,5
9674-TW-KHH,203034-FI-18,5
1140-NL-,2715-BR-RJ,5
16625-DE-HE,211820-DE-,5
10429-BR-SP,133042-TH-10,5
16625-US-CA,3923-US-OK,5
4739-AU-WA,24777-AT-9,5
16625-AU-NSW,198100-US-CA,5
51964-HK-,43832-RU-,5
14966-CL-RM,16625-IT-25,5
23844-CN-,3428-US-,5
262651-BR-,51964-IE-,5
37963-CN-SH,49333-BE-WAL,5
41373-GB-,9919-TW-TPE,5
9443-AU-VIC,2036-AT-,5
1843-US-,47377-BE-WAL,5
44477-FR-IDF,55468-CN-BJ,5
4249-GB-ENG,23042-US-TX,5
4739-AU-VIC,26371-US-,5
207186-LT-KU,6713-MA-06,5
51964-GB-ENG,205815-CH-TG,5
57792-BZ-,16625-FR-IDF,5
16625-US-VA,52890-BR-DF,5
5516-PT-,41268-RU-TAM,5
8-US-TX,200892-ES-,5
51964-GB-ENG,58318-GB-ENG,5
19147-US-FL,17429-CN-,5
16625-US-GA,59792-RU-,5
265440-BR-SP,224-NO-46,5
61612-BR-SP,197638-FR-,5
207034-GR-,39456-SK-,5
3462-TW-TAO,26662-US-,5
206309-IE-M,51964-IE-,5
12833-PT-,22773-US-CA,5
31452-BH-13,16625-US-CA,5
9808-CN-,137198-TH-,5
202759-EE-37,3265-NL-FL,5
206908-CZ-10,52-US-CA,5
49460-SK-BC,44477-FR-IDF,5
3108-CH-,2510-JP-,5
207319-IE-,4739-AU-,5
4739-AU-NSW,8255-FR-IDF,5
26894-US-OH,51964-IE-,5
7985-US-DC,4739-AU-VIC,5
199155-PT-08,20115-US-CA,5
55564-AU-,3320-DE-NI,5
7377-US-CA,45110-CN-,5
37963-CN-BJ,137198-TH-,5
271645-BR-SP,16625-FR-IDF,5
1843-US-FL,63156-US-NV,5
37965-CN-,11663-US-UT,5
20351-US-,18128-JP-26,5
18760-US-CA,37501-ZA-GP,5
44477-VN-HN,201111-IE-,5
267788-CO-NAR,16625-US-FL,5
3549-CO-DC,57350-PT-15,5
9919-TW-TPE,262829-BR-,5
12991-AT-3,37963-CN-ZJ,5
7575-AU-VIC,396128-US-MA,5
4739-AU-VIC,399769-US-,5
209968-US-NY,4739-AU-NSW,5
976-US-CA,38658-HK-,5
16625-AU-NSW,211444-US-FL,5
199237-IT-75,59078-CN-SH,5
63897-TW-KEE,1942-FR-ARA,5
3215-FR-,4802-AU-,5
4739-AU-NT,29955-US-,5
37963-CN-ZJ,133042-TH-10,5
4739-AU-VIC,43173-PL-24,5
5603-SI-061,55564-AU-SA,5
197874-DE-BY,17429-CN-,5
17766-AU-NSW,6341-US-,5
4739-AU-SA,38416-KR-,5
3832-US-,16637-ZA-GP,5
1930-PT-15,16625-FR-IDF,5
9674-TW-KHH,47113-GB-,5
50355-PL-14,58421-NZ-MWT,5
2839-SE-AB,3352-ES-AN,5
196921-KW-HA,2833-SE-AC,5
33981-GB-SCT,1761-US-TX,5
13243-NO-03,54447-CA-,5
205033-DE-,4739-AU-VIC,5
15776-US-,17858-KR-11,5
4739-AU-WA,140717-CN-,5
25255-AT-9,4739-AU-,5
201362-IT-25,9674-TW-KHH,5
398435-US-,17816-CN-GD,5
9663-TW-TPE,6124-US-NY,5
4739-AU-,38708-KR-28,5
42851-BE-BRU,1136-NL-NB,5
16625-SG-,29612-ES-MD,5
1843-US-FL,52113-DE-HE,5
16625-NL-NH,14212-US-,5
4802-AU-WA,174-US-CA,5
58318-NL-NH,16625-US-FL,5
49303-SE-,328608-HK-,5
4739-AU-VIC,9959-KR-,5
50237-IL-M,17055-US-UT,5
63897-TW-KEE,44477-MD-CU,5
51964-GB-ENG,204615-SC-,5
16625-US-CA,396024-US-ID,5
16625-NL-NH,263428-BR-,5
36375-US-MI,45626-AU-VIC,5
140983-TH-10,4812-CN-SH,5
60416-SK-TA,16625-US-FL,5
27294-US-LA,16625-US-TX,5
13092-RS-00,137903-AU-VIC,5
31629-FR-IDF,39759-SM-,5
12643-DE-,18800-US-UT,5
4739-AU-,27659-CL-RM,5
203185-GB-,4249-US-,5
132514-TH-,45090-CN-,5
17506-JP-13,399556-US-GA,5
398399-US-CA,4739-AU-VIC,5
210262-PL-,9919-TW-NWT,5
41076-DK-,16625-SG-,5
393251-US-,3352-ES-CN,5
4739-AU-NSW,46919-US-,5
41021-GB-,33363-US-FL,5
9468-HK-,33734-US-IA,5
4780-TW-TPE,398467-US-TX,5
202669-FR-IDF,46079-TH-,5
2200-FR-IDF,43751-FR-,5
3488-JP-,34183-AT-9,5
35350-BE-BRU,23853-CN-,5
8221-US-,4538-CN-,5
62383-BE-VLG,8221-US-,5
17623-CN-GD,204550-GB-,5
26844-US-,2-RU-,5
132201-TH-10,17421-TW-TPE,5
6871-GB-ENG,266732-PE-,5
51964-SG-,36256-CA-AB,5
4181-US-OR,12486-YE-,5
270-US-MD,26884-CA-QC,5
24334-HK-HCW,9663-TW-TPE,5
1843-US-FL,20841-IL-M,5
132035-MY-14,1110-AT-7,5
17429-CN-,263358-BR-DF,5
16625-US-TX,44392-AT-,5
200504-PL-,4739-AU-SA,5
55049-US-NJ,4739-AU-NSW,5
3215-FR-,49554-RU-,5
396161-US-,16625-ES-MD,5
212025-RU-SVE,327934-TN-,5
17324-US-NY,5607-GB-ENG,5
50826-GB-ENG,58542-CN-TJ,5
206260-NO-15,4739-AU-SA,5
202275-GB-ENG,16625-US-VA,5
4739-AU-NSW,10193-KR-,5
7509-JP-,150940-ID-,5
22245-US-KS,4739-AU-NT,5
10322-US-TX,16625-US-FL,5
4739-AU-QLD,210127-DE-,5
12204-US-,2501-JP-13,5
36375-US-,28998-PT-13,5
18881-BR-BA,134064-TH-,5
44477-SE-AB,4739-AU-NT,5
39837-AT-,44477-ID-JK,5
7718-AU-ACT,7465-BR-,5
263563-BR-MT,9919-TW-,5
397941-US-TX,16625-SG-,5
820-CA-,45899-VN-HN,5
16625-DE-HE,206155-FR-,5
16316-DE-BY,16625-US-GA,5
53442-CA-BC,12361-GR-I,5
16625-AU-NSW,5381-NO-03,5
40464-US-,16625-US-CA,5
267840-VE-A,45075-CN-,5
198292-IT-57,16625-US-GA,5
29217-SE-AB,17858-KR-41,5
202466-GB-ENG,14763-US-MN,5
36992-EG-,262441-BR-RS,5
394723-US-GA,4780-TW-TAO,5
43665-SE-,3352-ES-AN,5
9506-SG-,18585-US-,5
22847-US-,59701-DK-,5
37963-CN-SH,60278-NO-11,5
135887-AU-WA,63214-US-MN,5
39453-CZ-32,16625-GB-ENG,5
64488-SK-,51964-HK-,5
7718-AU-ACT,15557-FR-NAQ,5
210196-LU-CA,4181-US-WI,5
37168-ZA-GP,199155-PT-03,5
266732-PE-,16625-US-NJ,5
12389-RU-,18371-AU-VIC,5
1930-PT-15,132473-AU-NSW,5
57843-RU-MOW,4155-US-UT,5
9316-KR-28,202669-FR-IDF,5
9486-TH-10,17421-TW-TXG,5
1040-US-,16625-FR-IDF,5
16625-US-FL,63163-US-NC,5
18118-CN-,38926-FR-NAQ,5
9562-TH-40,16625-GB-ENG,5
2641-US-CA,6805-DE-NW,5
37963-CN-BJ,204961-RU-,5
9991-JP-34,4739-AU-WA,5
6805-DE-BY,42276-RU-,5
4739-AU-VIC,11262-US-IL,5
53499-US-SC,17429-CN-,5
16625-US-IL,17358-CA-QC,5
208463-DE-,9880-AU-,5
9674-TW-KHH,29907-CA-NB,5
40548-US-CA,32136-US-NY,5
9308-CN-,394792-US-MN,5
9919-TW-,393640-US-,5
5653-US-CA,7588-TH-,5
48690-PL-14,2850-IE-L,5
200102-FR-,198878-ES-,5
265355-BR-,51964-IE-,5
30313-US-VA,17638-CN-TJ,5
2128-IE-,4739-AU-VIC,5
198115-PL-14,3260-GR-I,5
209284-RU-,8221-US-,5
1729-SE-AB,45949-AU-NSW,5
9893-AU-,21010-PL-02,5
16625-JP-13,131830-KR-,5
37963-CN-GD,1113-AT-6,5
56015-CN-,2715-BR-RJ,5
131842-KR-,4739-AU-VIC,5
22085-BR-RJ,200775-US-,5
9814-CN-,19105-US-CA,5
159-US-OH,208178-RU-SPE,5
32537-US-UT,4739-AU-SA,5
16625-US-VA,53215-BR-PR,5
13243-NO-,40213-US-UT,5
40973-ES-CT,16625-FR-IDF,5
61457-CO-ANT,224-NO-30,5
37963-CN-BJ,41988-GB-ENG,5
1843-US-FL,4837-CN-,5
41253-PL-30,16625-FR-IDF,5
11659-US-KS,132077-AU-WA,5
7377-US-CA,57966-PL-,5
16314-AT-3,18049-TW-TXG,5
16625-GB-ENG,24675-IE-,5
203712-ES-CT,34391-FR-NAQ,5
210158-ES-AN,16625-US-IL,5
51964-HK-,60414-FI-18,5
327934-TN-,20163-GB-ENG,5
212725-SE-X,16625-FR-IDF,5
16625-FR-IDF,8380-PL-24,5
9562-TH-40,1835-DK-84,5
58593-CN-SH,31687-SI-,5
6124-US-NY,32178-US-,6
5516-PT-,7377-US-CA,6
24517-AU-NSW,2510-JP-,6
201603-SK-TA,16625-US-TX,6
32559-US-MA,1754-DE-,6
7018-US-CA,9543-AU-,6
1117-AT-9,24334-HK-HCW,6
46158-US-NY,1221-AU-NSW,6
820-CA-,8412-AT-9,6
213264-RO-B,23817-JP-15,6
60533-SK-BL,16625-US-NJ,6
150748-BD-E,9808-CN-,6
17816-CN-GD,55564-AU-SA,6
16855-US-GA,16625-IT-25,6
206997-HR-,7847-US-,6
206867-IT-,51964-HK-,6
200351-US-,16625-US-WA,6
4713-JP-,18371-AU-VIC,6
17506-JP-14,55564-AU-,6
25139-MZ-MPM,24139-CN-,6
16625-ES-MD,209998-SK-,6
16625-IT-25,8067-US-MD,6
16625-US-IL,202495-BE-VLG,6
58448-CN-,4739-AU-NT,6
9543-AU-,13285-GB-ENG,6
135887-AU-WA,205913-BA-BIH,6
271755-BR-,7377-US-CA,6
44392-AT-,4739-AU-QLD,6
5491-DK-,1715-FR-,6
1701-US-,10195-KR-28,6
683-US-IL,396128-US-MA,6
17866-KR-,4739-AU-VIC,6
37989-SG-,2846-SE-M,6
2715-BR-,49554-RU-,6
200696-FI-,4739-AU-NT,6
1843-US-FL,201523-PT-11,6
7718-AU-ACT,17858-KR-41,6
6124-US-NY,38883-AU-NSW,6
1930-PT-11,43751-FR-,6
1843-US-,267629-BR-MT,6
9543-AU-,209-US-CO,6
4739-AU-NT,35457-BH-15,6
4739-AU-SA,760-AT-9,6
9674-TW-,30929-SK-TA,6
1843-US-FL,208393-US-TX,6
2843-SE-E,5516-PT-,6
16625-GB-ENG,13849-US-,6
16625-US-TX,57760-SK-BC,6
35792-HU-,89-US-,6
52992-BR-,7377-US-CA,6
4739-AU-SA,10070-KR-,6
39098-FI-15,4739-AU-QLD,6
4802-AU-,51488-RU-KHA,6
51717-PL-,51964-SG-,6
2527-JP-27,9543-AU-,6
3352-ES-MD,9543-AU-,6
4739-AU-,18142-JP-13,6
4739-AU-VIC,42276-RU-,6
22773-US-CA,9543-AU-,6
25609-US-MI,1843-US-,6
4739-AU-NSW,395812-US-GA,6
25964-US-,16625-US-GA,6
21373-NL-NH,18142-JP-,6
9543-AU-,2516-JP-,6
16625-US-NJ,199993-PT-,6
44477-KZ-75,17324-US-NY,6
3329-GR-B,134229-AU-,6
200182-US-CA,135887-AU-WA,6
1926-FI-11,40252-US-OH,6
262441-BR-,8221-NL-NB,6
213113-SE-,1843-US-,6
3372-US-,132718-AU-,6
199155-PT-03,58593-CN-SH,6
56131-AU-NSW,209998-SK-,6
1701-US-,47234-SE-K,6
9543-AU-,15557-FR-PAC,6
7641-CN-,45537-TH-,6
18881-BR-MG,38254-TW-TPE,6
8167-BR-PR,54625-CA-ON,6
30255-US-NY,1221-AU-NSW,6
205285-HU-GS,7847-US-,6
29955-US-,21373-NL-NH,6
10235-AU-VIC,11663-US-UT,6
4739-AU-VIC,49333-BE-WAL,6
4739-AU-NT,206867-IT-,6
16625-US-TX,395812-US-GA,6
24275-JP-15,200521-ES-MD,6
4739-AU-NSW,49460-SK-BC,6
4802-AU-WA,8435-GB-ENG,6
680-DE-SN,9543-AU-,6
16625-DE-HE,42851-BE-VLG,6
55032-US-CT,1843-US-FL,6
23140-CL-,15496-FI-18,6
18361-ID-,199155-PT-08,6
55410-IN-,9543-AU-,6
7847-US-,22455-US-NY,6
1843-US-FL,39387-SI-,6
15116-US-,1701-US-,6
199993-PT-,16625-US-GA,6
17858-KR-41,35792-HU-,6
1843-US-FL,9394-CN-,6
25895-US-,2834-SE-C,6
9919-TW-TPE,47780-BE-VLG,6
17055-US-UT,204961-RU-,6
394020-US-KY,2846-SE-M,6
4739-AU-SA,139182-CN-,6
262829-BR-,44477-PL-14,6
44477-VN-HN,200351-DK-84,6
17170-CA-PE,1843-US-,6
4739-AU-,8748-SE-,6
31687-SI-037,7847-US-,6
4739-AU-NSW,18131-JP-12,6
2843-SE-E,394787-US-,6
17477-AU-WA,265478-BR-,6
6124-US-NY,9919-TW-NWT,6
46830-US-GA,4739-AU-,6
1843-US-,39132-CH-,6
210995-ES-,1926-FI-18,6
2846-SE-M,51964-GB-ENG,6
1843-US-,269749-VE-G,6
134229-AU-,6099-US-CA,6
9546-TH-40,9811-CN-,6
204793-DK-83,12696-FR-,6
8221-US-,32537-SG-,6
51350-AT-3,4739-AU-NSW,6
327934-TN-,397066-US-,6
820-CA-,16625-FR-IDF,6
33703-US-NY,49303-SE-,6
51964-DE-HE,201816-SE-O,6
4739-AU-QLD,209998-SK-,6
150748-BD-E,17623-CN-GD,6
4739-AU-QLD,137710-CN-,6
4739-AU-SA,38967-AT-,6
1843-US-,46648-US-,6
18124-JP-,210088-BE-,6
211444-US-TX,4739-AU-NSW,6
134229-AU-,1930-PT-11,6
10867-US-CA,207186-LT-KU,6
16625-US-NJ,200133-BE-BRU,6
38803-AU-VIC,270-US-MD,6
24453-TH-,199155-PT-06,6
51717-PL-,394893-US-PA,6
55564-AU-SA,17969-CN-CQ,6
51964-HK-,15776-US-,6
4739-AU-QLD,18682-US-,6
17054-US-PA,9543-AU-,6
1843-US-,198929-RU-,6
54257-US-VT,4739-AU-NSW,6
4739-AU-SA,15063-US-,6
35457-BH-15,8221-NL-NB,6
6124-US-NY,9084-US-,6
63276-US-VT,4739-AU-VIC,6
49460-SK-BC,18128-JP-26,6
41035-BE-,16625-AU-NSW,6
23644-TH-14,1843-US-,6
4739-AU-QLD,213388-US-NY,6
399992-US-TX,16625-SG-,6
59012-CN-,782-FR-GES,6
57873-EE-79,4739-AU-WA,6
270-US-MD,32136-US-NY,6
4739-AU-NSW,262534-BR-,6
224-NO-03,21373-NL-NH,6
44358-DE-,10430-US-WA,6
46158-US-NY,136239-PG-,6
199155-PT-11,15232-US-,6
24727-SK-BL,1843-US-FL,6
61612-BR-SP,56076-AU-,6
14237-US-AZ,135099-AU-,6
42851-BE-VLG,18128-JP-26,6
394723-US-GA,4739-AU-QLD,6
2841-SE-O,3296-FR-HDF,6
5516-PT-,4739-AU-,6
2510-JP-,139279-AU-QLD,6
39484-FI-11,22847-US-,6
41035-US-,16625-IT-25,6
201612-AT-,22561-US-LA,6
57760-SK-BC,131586-TW-,6
30712-US-OH,199155-PT-01,6
9308-CN-,24275-JP-15,6
131924-JP-15,4739-AU-QLD,6
32030-US-,4739-AU-QLD,6
2840-SE-O,50195-SI-108,6
1843-US-,272979-US-,6
21218-GB-ENG,55992-US-,6
4739-AU-,16314-AT-3,6
39101-RU-SPE,7718-AU-ACT,6
4155-US-UT,8388-GR-I,6
47367-GB-ENG,9411-TH-73,6
45960-MY-07,135616-TH-93,6
2841-SE-O,271773-CO-ANT,6
200133-BE-WAL,6871-GB-ENG,6
1704-KR-11,1843-US-,6
1843-US-FL,48863-NO-50,6
211444-US-TX,4739-AU-WA,6
9533-TH-,5516-PT-,6
34414-AU-,32136-US-NY,6
43018-SE-,1776-AT-9,6
399556-US-GA,16625-US-NJ,6
39484-FI-11,272086-CO-CAL,6
22174-US-NY,197874-DE-RP,6
2903-US-NY,18585-US-,6
57913-IT-,24275-JP-15,6
61612-BR-SP,134994-AU-,6
820-CA-,9316-KR-41,6
39057-AT-,4739-AU-WA,6
4739-AU-,199155-PT-08,6
4155-US-CO,197905-RU-,6
61612-BR-SP,55922-AU-,6
1843-US-FL,135512-AU-WA,6
14650-BR-,16625-JP-13,6
17324-US-NY,18065-AU-,6
28969-GR-I,4739-AU-NT,6
2833-SE-AC,396837-US-NC,6
32559-US-,16625-ES-MD,6
206867-IT-,16625-US-TX,6
4155-US-CO,132619-AU-WA,6
17687-JP-23,35328-SK-ZI,6
27810-CO-DC,199155-PT-06,6
2799-SE-,1843-US-FL,6
141682-AU-,4739-AU-NT,6
1843-US-FL,9075-ES-,6
45079-CN-,4739-AU-WA,6
21853-CA-NB,1843-US-FL,6
17324-US-NY,38832-AU-NSW,6
4739-AU-,271107-BR-,6
37963-CN-BJ,1843-US-,6
395064-CA-BC,7847-US-,6
30255-US-NY,30277-US-,6
1741-FI-19,6665-IT-,6
1114-AT-3,51964-DE-HE,6
395549-US-NY,16625-IT-25,6
25951-US-,34656-PL-,6
25996-US-UT,5601-SE-,6
131993-GB-ENG,3372-US-,6
4010-US-CA,135099-AU-,6
4739-AU-,30198-US-WA,6
397342-US-VA,9919-TW-TPE,6
4739-AU-SA,30929-SK-TA,6
400397-US-NY,36375-US-MI,6
397066-US-,16625-US-IL,6
136980-NZ-,33348-US-,6
23969-TH-10,34262-HU-BZ,6
399992-US-TX,50172-FR-,6
4802-AU-,30722-IT-25,6
3136-TH-10,5601-SE-,6
10070-KR-,59863-NO-,6
8111-CA-NS,12833-PT-,6
4739-AU-QLD,199370-GR-,6
4739-AU-NSW,23808-JP-13,6
24608-IT-34,47628-NL-,6
4631-US-,4739-AU-VIC,6
4739-AU-VIC,38426-KR-,6
7377-US-CA,49554-RU-,6
22174-US-NY,55133-US-,6
51964-GB-ENG,2494-AT-3,6
10429-BR-SP,151188-TW-,6
51964-SG-,199155-PT-06,6
137061-US-,12925-RU-,6
53814-US-NC,2841-SE-O,6
16625-US-NJ,8067-US-MA,6
820-CA-,16989-US-TN,6
38832-AU-NSW,6124-US-NY,6
396128-US-MA,22174-US-NY,6
4739-AU-SA,141682-AU-,6
7718-AU-ACT,3265-NL-,6
9384-JP-13,17622-CN-,6
265478-BR-,42513-GB-,6
395534-US-NY,58387-ID-,6
265478-BR-SP,2607-SK-BL,6
24120-US-,4155-US-NJ,6
5601-SE-,7155-FR-IDF,6
51964-IE-,12384-SE-C,6
136521-AU-VIC,17055-US-,6
200314-GR-I,4739-AU-NT,6
15980-SE-,3265-NL-,6
6720-AT-9,4739-AU-WA,6
4802-AU-,206260-NO-50,6
207307-NO-30,2060-FR-ARA,6
61476-AR-L,23817-JP-15,6
55564-AU-,4961-KR-,6
49286-US-,4739-AU-VIC,6
8450-DE-RP,4739-AU-SA,6
41035-BE-,777-FR-,6
3136-TH-10,1701-US-,6
16625-US-CA,198664-BE-,6
1701-US-,18329-KR-,6
679-AT-,4155-US-CO,6
199155-PT-03,396411-US-,6
16625-AU-NSW,200911-BE-,6
209363-GB-ENG,9551-TH-,6
16747-US-IL,262829-BR-,6
205913-BA-BIH,4739-AU-VIC,6
7718-AU-ACT,55990-CN-BJ,6
15822-SI-037,2833-SE-AC,6
399987-US-WA,2834-SE-C,6
16625-US-NJ,2641-US-,6
44477-NL-DR,199155-PT-17,6
1255-US-MA,36403-US-OH,6
9893-AU-,4155-US-ID,6
198788-PL-06,59863-NO-,6
38184-TH-14,58593-CN-SH,6
14650-BR-,2764-AU-NSW,6
4155-US-ID,39484-FI-11,6
7718-AU-ACT,21552-CA-ON,6
57350-PT-,4739-AU-QLD,6
7847-US-,2675-CA-QC,6
16625-US-IL,2641-US-,6
61612-BR-SP,18113-AU-NSW,6
199255-FR-IDF,231-US-MI,6
16625-SG-,398441-US-GA,6
16625-US-TX,57350-PT-,6
53927-US-MO,55564-AU-SA,6
44457-NO-,61612-BR-SP,6
14650-KR-,45090-CN-,6
37457-ZA-GP,44358-DE-,6
137864-AU-QLD,33348-US-,6
51717-PL-,30236-CA-QC,6
16625-US-NJ,199155-PT-01,6
45445-KR-,18371-AU-VIC,6
2426-FR-IDF,41001-SE-,6
396411-US-DC,22174-US-NY,6
53599-US-WI,1843-US-FL,6
4739-AU-NSW,51989-HR-,6
32559-US-MA,38926-FR-NAQ,6
11348-US-MO,1843-US-FL,6
9506-SG-,199255-FR-IDF,6
55564-AU-SA,16625-AU-NSW,6
263773-CL-,199155-PT-18,6
1754-DE-HH,2903-US-NY,6
19737-CA-ON,14650-BR-,6
149440-US-CA,4739-AU-NSW,6
18118-CN-,24344-TH-50,6
38635-JP-14,8221-BE-VLG,6
7847-US-,48138-CH-,6
200693-NO-,31452-BH-13,6
47324-HU-,13315-US-MA,6
4739-AU-,200804-EE-,6
12353-PT-13,134229-AU-,6
270-US-MD,1926-FI-11,6
15980-SE-,4739-AU-NT,6
201827-GR-,4739-AU-,6
4155-US-ID,6871-GB-ENG,6
38641-JP-27,200775-US-,6
9714-AU-WA,7847-US-,6
2269-FR-IDF,60278-NO-11,6
4762-TH-10,2834-SE-C,6
5433-RU-,8221-NL-NB,6
50316-IT-34,135099-AU-,6
760-AT-9,25951-IN-,6
141682-AU-,4739-AU-WA,6
198096-ES-AN,39484-FI-11,6
200775-US-NM,292-US-,6
43279-IT-65,18371-AU-VIC,6
4739-AU-,1113-AT-6,6
45356-LK-,14799-US-,6
1653-SE-,395534-US-,6
51164-FI-,61612-BR-SP,6
18371-AU-VIC,396073-US-,6
17960-JP-47,25964-US-GA,6
10867-US-CA,207186-LT-,6
41701-FI-18,6124-US-NY,6
20537-AT-3,398846-US-MN,6
4739-AU-SA,38027-CN-,6
17324-US-NY,199971-SI-061,6
24139-CN-ZJ,134229-AU-,6
26898-US-,262829-BR-,6
4739-AU-WA,39057-AT-7,6
2641-US-,17152-US-ME,6
210196-LU-CA,2504-JP-25,6
205409-BE-,142321-ID-,6
1843-US-FL,58530-AU-VIC,6
200940-HU-,38296-TH-,6
17324-US-NY,10343-US-,6
26856-CA-,1843-US-,6
33703-US-NY,196900-SK-NI,6
133434-AU-,32136-US-NY,6
32136-US-NY,21339-GB-,6
198664-BE-,3136-US-WI,6
4739-AU-NSW,204932-GR-,6
18239-CN-,270-US-MD,6
400530-US-,1843-US-FL,6
49460-SK-BC,4739-AU-WA,6
134229-AU-,21334-HU-PE,6
135887-AU-QLD,12925-RU-,6
51964-HK-,13161-RU-KLU,6
60716-RU-SMO,24275-JP-15,6
199370-GR-,6720-AT-9,6
262829-BR-,41643-PL-12,6
3372-US-,204961-RU-,6
1843-US-FL,201271-DK-84,6
396086-US-,16625-NL-NH,6
199155-PT-03,262168-PE-LIM,6
25552-PL-10,17324-US-NY,6
3265-NL-FL,29432-FI-,6
3807-US-,58302-NO-,6
198664-BE-,18118-CN-,6
396320-US-MN,328471-ZA-GP,6
7847-US-,52141-RU-MOW,6
17429-CN-,57350-PT-15,6
199155-PT-11,38652-JP-15,6
204482-IT-,18371-AU-VIC,6
52992-BR-,51894-LV-,6
9159-FR-IDF,2036-AT-,6
17809-TW-TXG,55564-AU-SA,6
1255-US-MA,1741-FI-19,6
1843-US-FL,57792-RO-IF,6
4739-AU-NT,400289-US-IL,6
132611-AU-,131486-CN-,6
25951-US-,15434-DE-BY,6
209996-SI-103,22174-US-NY,6
44369-GB-,17324-US-NY,6
58231-RU-,25951-US-,6
9158-DK-84,9543-AU-,6
210088-BE-,16625-DE-HE,6
2903-US-,199155-PT-06,6
55260-US-GA,4739-AU-SA,6
1101-NL-,22174-US-NY,6
399556-US-GA,1101-NL-,6
17324-US-NY,205046-DE-BW,6
5601-SE-,22351-US-,6
272060-CO-,18371-AU-VIC,6
2903-US-,132676-ID-,6
198292-IT-55,2834-SE-C,6
4155-US-ID,15980-SE-,6
4739-AU-QLD,395024-US-KY,6
135887-AU-VIC,18682-US-GA,6
2508-JP-40,4155-US-UT,6
43439-NL-,4739-AU-QLD,6
199155-PT-08,51964-HK-,6
2894-US-FL,43844-SE-C,6
7847-US-,262486-BR-AM,6
21286-NL-NB,2834-SE-C,6
199155-PT-01,38641-JP-27,6
24275-JP-15,60375-RU-,6
18371-AU-VIC,208331-PL-18,6
9507-AU-VIC,1701-US-,6
9271-KR-45,1843-US-,6
25940-US-FL,9543-AU-,6
22213-US-,224-NO-03,6
9939-CN-,137241-TH-65,6
207311-PL-20,52992-BR-,6
32559-US-,6871-GB-ENG,6
394483-US-,4802-AU-,6
199951-SI-035,32559-US-MA,6
18898-US-KY,7718-AU-ACT,6
4739-AU-VIC,56003-CN-,6
45061-CN-,199155-PT-03,6
48399-RU-,396128-US-MA,6
2665-CA-,202466-US-,6
16625-US-TX,200775-US-,6
3917-NL-NH,5601-SE-,6
17055-US-UT,18431-AU-ACT,6
31-US-CA,33703-US-NY,6
1843-US-,33401-US-SC,6
4739-AU-NSW,137710-CN-,6
41369-FI-18,6124-US-NY,6
22174-US-NY,33314-CA-BC,6
45079-CN-,42685-AT-9,6
50019-TR-34,9674-TW-,6
51964-IE-,43844-SE-C,6
2841-SE-O,202997-ES-CT,6
2846-SE-M,394358-US-,6
11188-US-CA,39857-FI-18,6
58593-CN-SH,137198-TH-10,6
34391-FR-,1701-US-,6
5516-PT-,264798-AR-,6
17055-US-UT,136522-AU-NSW,6
200060-SE-AB,8221-BE-VLG,6
372-US-,2850-IE-L,6
18371-AU-VIC,60565-PL-,6
49286-US-,136988-AU-,6
6813-ES-,204793-DK-,6
132473-AU-NSW,397342-US-CA,6
1701-US-,49420-PL-22,6
1843-US-FL,149834-AU-VIC,6
2641-US-CA,61377-DE-,6
17937-JP-,46158-US-NY,6
4739-AU-SA,131901-JP-,6
51964-DE-HE,1926-FI-11,6
32559-US-MA,396245-US-,6
4782-TW-NWT,26662-US-,6
17595-KR-,4739-AU-NT,6
262829-BR-RJ,19184-US-,6
4739-AU-QLD,44358-NL-NH,6
199155-PT-17,15980-SE-AC,6
1234-FI-,51717-PL-,6
4739-AU-SA,25072-SE-,6
16625-NL-NH,57350-PT-15,6
31687-SI-037,1701-US-,6
18371-AU-VIC,56644-GB-,6
398846-US-MN,52467-CO-,6
55564-AU-,8015-US-MN,6
16625-FR-IDF,30255-US-NY,6
17766-AU-NSW,2385-KR-,6
131486-CN-,55545-TH-,6
263313-BR-SP,9591-JP-29,6
1843-US-,397570-CA-ON,6
48688-GB-ENG,3372-US-,6
38027-CN-,4739-AU-,6
24275-JP-15,31765-CA-,6
32559-US-MA,49172-SE-,6
262213-CL-CO,5479-LT-VL,6
46158-US-NY,204534-PL-06,6
231-US-MI,1843-US-,6
32881-CA-ON,17324-US-NY,6
2846-SE-M,28595-BR-,6
4739-AU-NSW,35457-BH-13,6
2903-US-NY,29217-SE-AB,6
17766-AU-,11242-BR-SC,6
397342-US-VA,1998-US-MN,6
820-CA-,133414-AU-,6
205913-BA-,39484-FI-11,6
553-DE-BW,9543-AU-,6
393759-US-,8221-BE-VLG,6
396320-US-MN,3265-NL-FL,6
29955-US-,202495-BE-VLG,6
44701-IT-72,32136-US-NY,6
11101-US-SC,44358-NL-NH,6
6185-AU-NSW,396086-US-MA,6
44477-CA-ON,265478-BR-,6
4739-AU-WA,28609-BR-,6
22137-US-WI,1843-US-FL,6
210465-DK-,7847-US-,6
262829-BR-RJ,6192-US-CA,6
7641-CN-,4155-US-ID,6
7718-AU-ACT,36375-US-MI,6
4739-AU-NT,55973-CN-,6
51964-IE-,565-FI-,6
2833-SE-AC,12356-RO-B,6
1843-US-,16478-US-,6
45960-MY-14,7497-CN-,6
197060-EE-,7718-AU-ACT,6
136907-MX-CMX,9543-AU-,6
400397-US-NY,9919-TW-,6
1255-US-MA,205385-IT-72,6
1843-US-,272111-PE-LIM,6
396320-US-,28685-NL-NH,6
7474-AU-WA,5601-SE-,6
58647-JP-38,199155-PT-06,6
267352-BR-DF,5386-RU-,6
18948-US-NY,394673-US-WI,6
139179-CN-,1776-AT-9,6
58940-AU-QLD,32136-US-NY,6
16314-AT-3,1843-US-,6
6855-SK-NI,9543-AU-,6
212923-BE-,4739-AU-,6
60278-NO-11,39985-US-NC,6
11686-US-IN,5601-SE-,6
818-CA-,20619-RU-,6
2094-FR-IDF,137806-CN-SH,6
7718-AU-ACT,12701-GB-ENG,6
197997-BG-,56131-AU-NSW,6
12309-IT-,3136-AR-C,6
1926-FI-11,62690-US-,6
3372-US-,201645-NL-,6
1701-US-,46135-CA-ON,6
29465-NG-LA,2830-IE-,6
39484-FI-11,13-US-,6
134555-AU-VIC,24275-JP-15,6
4010-US-MD,134229-AU-,6
31746-US-PA,56131-AU-NSW,6
265554-MX-JAL,2840-SE-O,6
24-US-,4739-AU-WA,6
51000-DK-,1843-US-FL,6
26780-US-CA,46158-US-NY,6
17324-US-NY,9280-AU-VIC,6
198696-PL-,5516-PT-,6
5491-DK-,73-US-WA,6
7718-AU-ACT,51733-DE-NW,6
396128-US-MA,400238-US-,6
52141-RU-,17428-CN-,6
18046-TW-,400397-US-NY,6
22174-US-NY,9723-AU-NSW,6
17324-US-NY,58921-AU-WA,6
58421-NZ-MWT,10417-BR-MG,6
41035-US-,224-NO-54,6
1843-US-,15608-ES-MD,6
4739-AU-,199255-FR-IDF,6
59863-NO-,2025-US-OH,6
17324-US-NY,24334-HK-HCW,6
60723-GR-M,4739-AU-QLD,6
51275-HU-,38171-ID-JK,6
51717-PL-,1657-US-KY,6
42120-HU-,9486-TH-10,6
1926-FI-18,3503-US-,6
33028-CA-,7718-AU-ACT,6
199155-PT-03,159-US-OH,6
8698-GB-ENG,55564-AU-SA,6
17055-US-UT,9544-AU-NSW,6
393249-CA-BC,200351-DK-84,6
24275-JP-15,263012-BR-GO,6
25789-US-,22174-US-NY,6
210196-LU-CA,2715-BR-RJ,6
7484-HK-HCW,61612-BR-SP,6
262829-BR-,142017-AU-,6
29422-FI-,200351-CA-,6
4739-AU-QLD,2-RU-,6
56131-AU-NSW,203006-RU-,6
53786-US-,15496-FI-18,6
395534-US-,133414-AU-QLD,6
139661-AU-WA,11663-US-UT,6
1701-US-,23031-EC-G,6
2665-CA-,9421-AU-,6
200351-US-MO,2510-JP-,6
393413-US-NC,2094-FR-IDF,6
47324-HU-,394520-CA-QC,6
137234-AU-VIC,61612-BR-SP,6
1926-FI-18,32178-US-,6
10881-BR-PR,44358-GB-,6
61612-BR-SP,38967-AT-,6
34127-DE-,18371-AU-VIC,6
9543-AU-,11696-US-,6
131486-CN-,4155-US-NJ,6
139700-AU-,26046-US-UT,6
270-US-MD,17994-NZ-AUK,6
25951-US-,7641-CN-,6
51964-IE-,679-AT-,6
64239-US-KY,4739-AU-WA,6
21753-US-,17324-US-NY,6
21286-NL-NB,202495-BE-VLG,6
18049-TW-TXG,57760-SK-BC,6
39985-US-NC,2833-SE-AC,6
18371-AU-VIC,63169-US-,6
199155-PT-08,262220-CO-DC,6
3265-NL-FL,43665-SE-,6
2641-US-,23463-US-NY,6
210196-LU-CA,25789-US-,6
5601-SE-,51701-SE-,6
393249-CA-BC,57350-PT-15,6
1843-US-,41969-DE-NW,6
9493-KR-,7718-AU-ACT,6
782-FR-GES,204452-FI-,6
2834-SE-C,4193-US-,6
204940-IT-,1843-US-,6
12762-AT-8,1843-US-,6
11663-US-UT,8748-SE-AB,6
5602-IT-25,2840-SE-O,6
818-CA-,13223-FR-,6
4155-US-CO,137010-AU-,6
35792-HU-,2675-CA-ON,6
16478-US-,22174-US-NY,6
203762-NL-ZH,4739-AU-QLD,6
2846-SE-M,36410-US-,6
4739-AU-QLD,10881-BR-PR,6
46554-CA-AB,23817-JP-15,6
782-FR-GES,17429-CN-,6
2641-US-,28685-NL-GE,6
57201-EE-37,397342-US-CA,6
197507-PL-14,396128-US-MA,6
4155-DE-MV,15933-DE-BY,6
239-CA-ON,55564-AU-SA,6
139182-CN-,4739-AU-VIC,6
1701-US-,23965-AU-NSW,6
2903-US-,58593-CN-SH,6
11686-US-IN,4802-AU-,6
43408-GB-ENG,2903-US-,6
204961-RU-,9506-SG-,6
199927-NL-,17324-US-NY,6
204793-DK-84,2426-FR-IDF,6
2903-US-,61612-BR-SP,6
3756-US-NY,2831-SE-BD,6
4155-US-NJ,38448-TH-,6
1843-US-FL,3314-HU-BU,6
299-US-CA,49554-RU-,6
44477-MD-CU,7847-US-,6
46688-US-MN,1843-US-,6
32559-US-MA,20691-SI-103,6
17429-CN-,818-CA-,6
42672-PL-,1843-US-FL,6
2641-US-CA,41701-FI-18,6
4739-AU-,139182-CN-,6
38049-AU-,17152-US-ME,6
37628-ZA-WC,24139-CN-ZJ,6
43558-FI-18,17055-US-,6
131480-AU-NSW,271755-BR-,6
55564-AU-SA,133774-CN-,6
131486-CN-,133529-TH-,6
1161-NL-NB,2641-US-CA,6
41097-US-,32559-US-,6
32559-US-MA,135621-HK-,6
924-US-,10235-AU-WA,6
2846-SE-M,33401-US-NC,6
201773-GB-ENG,396086-US-MA,6
17766-AU-,209291-DK-,6
2426-FR-IDF,44358-FR-,6
207307-NO-30,1843-US-,6
18239-CN-,207087-GB-,6
17964-CN-,399992-US-TX,6
262829-BR-,1741-FI-18,6
4739-AU-WA,197534-GR-I,6
42672-PL-14,4802-AU-WA,6
14650-BR-,10846-US-,6
395534-US-NY,57414-SK-NI,6
1843-US-FL,41596-GB-ENG,6
205409-BE-,13243-NO-03,6
199155-PT-17,10969-US-,6
55960-CN-HN,25964-US-,6
9088-SE-,4155-US-CO,6
204468-SE-,1701-US-,6
37970-CN-,2641-US-,6
24275-JP-15,151332-US-TX,6
14200-US-,8067-US-MA,6
32559-US-,44477-ES-MD,6
6124-US-NY,11455-US-CA,6
208441-AT-5,56002-CN-,6
12363-IT-52,59863-NO-,6
36831-US-,32136-US-NY,6
42685-AT-9,268839-BR-BA,6
265193-BR-RS,18371-AU-VIC,6
18371-AU-VIC,48342-IE-L,6
18371-AU-VIC,24260-JP-13,6
42369-FR-IDF,31746-US-PA,6
1843-US-,57593-PL-22,6
47324-HU-,44477-KZ-75,6
51964-HK-,57350-PT-,6
1701-US-,40884-CA-ON,6
7847-US-,28984-SI-,6
58652-JP-,57760-SK-BC,6
41182-SI-061,39098-FI-15,6
204500-SI-,1843-US-,6
16625-IT-25,47300-FR-NAQ,6
196982-PL-02,199155-PT-13,6
4155-US-ID,197874-DE-BY,6
55994-CN-,17766-AU-,6
9088-SE-,23065-US-,6
224-NO-46,200351-US-FL,6
25935-US-NY,4802-AU-,6
7847-US-,1293-US-,6
57350-PT-,16625-DE-HE,6
207034-GR-,397342-US-VA,6
32537-IN-TS,42851-BE-BRU,6
21373-NL-NH,224-NO-03,6
60533-SK-,32537-US-CA,6
206571-AT-,2641-US-,6
9919-TW-NWT,60533-SK-,6
7489-US-GA,7497-CN-,6
33703-US-NY,51546-SE-AB,6
24261-JP-,41035-BE-,6
199155-PT-03,27830-AR-M,6
48632-GB-,3839-TH-10,6
1741-FI-18,12309-IT-,6
17429-CN-,20619-RU-,6
3218-RU-,12136-BR-,6
4739-AU-WA,39098-FI-15,6
1843-US-FL,38884-AU-QLD,6
47903-SI-103,17324-US-NY,6
209291-DK-,195-US-CA,6
262213-CL-CO,51172-LT-,6
44477-LT-VL,35792-HU-,6
7050-US-WI,199155-PT-03,6
51964-SG-,35792-HU-,6
134229-AU-,24261-JP-24,6
32907-US-MN,395549-US-NY,6
33389-CA-ON,1843-US-FL,6
11009-US-PA,60278-NO-11,6
328400-ZA-GP,17622-CN-,6
9674-TW-,25964-US-GA,6
29842-US-TN,135099-AU-,6
42685-AT-9,17766-AU-,6
4802-AU-WA,6699-RU-SVE,6
49044-SK-,46905-US-,6
7359-US-,18371-AU-VIC,6
395812-US-GA,7509-JP-40,6
7718-AU-ACT,28215-BR-SP,6
24691-TG-,17622-CN-GD,6
4739-AU-SA,21612-BR-RJ,6
43844-SE-C,3582-US-OR,6
264693-CO-CAU,3832-US-,6
55564-AU-SA,27293-CA-ON,6
199155-PT-03,28274-BR-,6
1843-US-FL,18361-AU-NSW,6
199155-PT-11,36375-US-,6
20948-DE-HE,33703-US-NY,6
41001-SE-,327934-TN-,6
396320-US-,37978-AU-,6
1110-AT-7,9811-CN-,6
31543-AT-7,135099-AU-,6
393249-CA-BC,6124-US-NY,6
22174-US-NY,2510-JP-,6
197835-IT-62,6124-US-NY,6
8380-PL-,33703-US-NY,6
4155-US-CO,12309-IT-,6
135099-AU-,9686-KR-,6
17324-US-NY,137002-ID-SU,6
394769-US-MI,2641-US-,6
18371-AU-VIC,22444-US-FL,6
5386-RU-,5588-HU-,6
4802-AU-,37187-MW-,6
271904-VE-A,1843-US-,6
4739-AU-NT,59034-CN-BJ,6
262829-BR-,15629-HU-,6
207631-IT-52,24275-JP-15,6
29217-SE-AB,396086-US-MA,6
802-CA-ON,28704-US-,6
4739-AU-NSW,205346-EE-60,6
51717-PL-02,195-US-,6
141384-SG-,18239-CN-,6
6873-PL-,2641-US-,6
206798-GB-,7718-AU-ACT,6
29926-US-GA,4739-AU-SA,6
45537-TH-,2841-SE-O,6
134756-CN-JS,372-US-,6
137220-US-,61612-BR-SP,6
42851-BE-VLG,2715-BR-RJ,6
1843-US-,13948-CA-,6
34576-SE-M,17324-US-NY,6
395400-GU-,48514-SE-O,6
28157-BR-RS,38027-CN-,6
200182-CA-,135887-AU-NSW,6
15496-FI-18,14524-US-,6
1701-US-,197621-PL-,6
22174-US-NY,59780-DE-MV,6
57350-PT-,29732-US-NC,6
55564-AU-SA,3602-CA-,6
34046-SC-,4739-AU-QLD,6
25145-TR-,2903-US-NY,6
12210-US-CA,1843-US-FL,6
3372-US-,35424-IE-,6
23309-US-CA,398846-US-MN,6
17964-CN-,4155-DE-MV,6
53166-BR-SP,397342-US-VA,6
1843-US-,55250-US-,6
397342-US-CA,19923-US-VA,6
270-US-MD,139122-CN-BJ,6
396128-US-MA,9600-JP-27,6
4802-AU-,213123-IT-32,6
4739-AU-VIC,197534-GR-,6
200693-NO-,4193-US-WA,6
23785-JP-,60533-SK-,6
8221-US-,139987-ID-,6
203411-CZ-72,2641-US-,6
47127-FR-,32136-US-NY,6
4155-US-ID,55958-CN-,6
43844-SE-M,10070-KR-,6
13161-RU-MOW,4155-DE-MV,6
44477-SG-,134229-AU-,6
23409-US-PA,396320-US-MN,6
1843-US-FL,7484-HK-HCW,6
37501-ZA-,25136-BE-WAL,6
37992-TH-10,2834-SE-C,6
135300-MM-,9903-TH-,6
35328-SK-ZI,4783-TW-,6
4739-AU-VIC,131949-JP-,6
15496-FI-18,197829-ES-CT,6
1926-FI-18,18558-US-CA,6
60716-RU-,2641-US-CA,6
43665-SE-,4739-AU-,6
18371-AU-VIC,31028-RU-CU,6
50277-CH-,7847-US-,6
4155-US-CO,58593-CN-SH,6
782-FR-GES,1115-AT-,6
17055-US-,24517-AU-VIC,6
58473-AU-,52992-BR-,6
4155-DE-MV,205033-DE-BY,6
46830-US-GA,32537-IN-TS,6
201455-DK-84,2060-FR-ARA,6
31777-US-,1843-US-FL,6
16625-NL-NH,8221-US-,6
18049-TW-TXG,8221-BE-,6
15496-FI-18,21401-SI-061,6
22534-US-IA,1843-US-FL,6
17766-AU-NSW,58593-CN-SH,6
37965-CN-,1110-AT-7,6
199902-SE-,12486-YE-,6
17766-AU-QLD,23434-US-,6
61612-BR-SP,60716-RU-,6
2094-FR-IDF,15232-US-,6
18948-US-NY,265787-EC-G,6
7718-AU-ACT,48500-IT-72,6
25428-BE-BRU,134623-ID-JA,6
30255-US-NY,38442-FJ-C,6
24453-TH-10,4155-US-NJ,6
41035-BE-,45143-SG-,6
4739-AU-VIC,8748-SE-AB,6
23826-JP-23,8221-NL-NB,6
38826-AU-ACT,1843-US-FL,6
1843-US-FL,138627-AE-DU,6
2841-SE-O,136624-TH-,6
1701-US-,396161-US-IA,6
2903-US-NY,134076-AU-WA,6
27790-AR-X,33703-US-NY,6
25428-BE-BRU,149940-ID-,6
203500-FR-ARA,18371-AU-VIC,6
45960-MY-07,17622-CN-,6
760-AT-9,9809-CN-,6
200911-BE-,4155-US-UT,6
4155-US-UT,10235-AU-VIC,6
9543-AU-,33820-NL-NH,6
2103-FR-BRE,13243-NO-03,6
1776-AT-9,133852-HK-,6
134584-AU-,262829-BR-,6
35038-PT-,199117-FR-,6
760-AT-9,208820-FR-IDF,6
209291-DK-,28022-CR-A,6
3923-US-OK,49333-BE-WAL,6
32559-US-MA,6185-SG-,6
263313-BR-SP,44477-VN-HN,6
12361-GR-,39057-AT-7,6
135099-AU-,139007-CN-,6
17324-US-NY,35446-LU-,6
48489-GR-,9411-TH-73,6
45867-NL-,199155-PT-03,6
142017-AU-,1843-US-,6
18371-AU-VIC,131799-KR-,6
36149-US-HI,5601-SE-,6
2426-FR-IDF,42364-RU-,6
205793-DK-,22174-US-NY,6
14650-BR-,24324-NZ-AUK,6
199155-PT-08,59863-NO-,6
59863-NO-,13862-US-,6
2641-US-,142362-ID-,6
262829-BR-,26158-CA-ON,6
2903-US-,3372-US-,6
61612-BR-SP,1932-US-,6
10376-IN-TN,2641-US-,6
132201-TH-10,396128-US-MA,6
201156-IL-M,134229-AU-,6
3832-US-,47953-SE-AB,6
2903-US-NY,57117-ES-,6
25111-DK-81,4802-AU-,6
4739-AU-NSW,202928-US-,6
199255-FR-IDF,4155-US-ID,6
4802-AU-,224-NO-30,6
200775-US-,59121-JP-,6
32472-US-,213152-CZ-10,6
1104-NL-,42851-BE-BRU,6
1701-US-,15318-CA-QC,6
31746-US-PA,23615-JP-22,6
58879-HK-,7046-US-NY,6
18371-AU-VIC,269859-VE-S,6
203053-RO-B,7847-US-,6
24691-TG-M,7497-CN-,6
199155-PT-06,45685-JP-13,6
203038-SE-,1843-US-FL,6
1255-US-MA,23027-US-,6
32907-US-MN,12833-PT-,6
57760-SK-BC,4739-AU-NT,6
39057-AT-9,56131-AU-NSW,6
5653-US-,5516-PT-,6
24275-JP-15,204172-CZ-,6
207062-GR-,4739-AU-NSW,6
262829-BR-,44701-IT-72,6
208393-US-TX,1843-US-,6
23817-JP-15,3314-HU-PE,6
45960-MY-14,133118-CN-,6
200351-CA-,45946-BR-SP,6
48189-PL-12,199155-PT-06,6
22174-US-NY,200555-ES-CN,6
44477-KZ-75,7718-AU-ACT,6
32136-US-NY,47128-PL-,6
4802-AU-WA,46811-US-IL,6
132866-TH-14,57514-RO-TM,6
15496-FI-18,18975-US-CA,6
399992-US-TX,60269-SE-O,6
61486-AR-B,15496-FI-18,6
135409-US-,2903-US-,6
31381-PL-18,7718-AU-ACT,6
16071-FR-,1205-AT-4,6
206897-NO-,61612-BR-SP,6
13130-DE-HE,18371-AU-VIC,6
134229-AU-,8374-PL-14,6
6124-US-NY,211753-NO-,6
7718-AU-ACT,205144-DK-83,6
33455-US-,1843-US-FL,6
204793-DK-,327934-TN-,6
141760-SG-,1843-US-,6
16625-US-VA,40240-US-GA,6
44358-BG-,24-US-,6
210088-BE-,14977-US-WY,6
198878-ES-,14650-BR-,6
17766-AU-NSW,2831-SE-BD,6
16938-US-NY,7847-US-,6
34262-HU-,10430-US-WA,6
52992-BR-,9790-NZ-CAN,6
4155-US-CO,47534-GB-ENG,6
32559-US-MA,208482-FR-IDF,6
12247-US-,262829-BR-,6
59-US-WI,21373-NL-NH,6
4802-AU-WA,16438-CA-QC,6
4155-US-UT,6720-AT-9,6
1843-US-FL,32995-US-TX,6
224-NO-42,200133-BE-WAL,6
782-FR-GES,203424-NO-15,6
31746-US-PA,7588-TH-50,6
5491-DK-,36390-US-OH,6
57291-SI-,24275-JP-15,6
3136-TH-10,9543-AU-,6
4802-AU-,2920-US-CA,6
45110-CN-,137392-TH-10,6
1843-US-FL,205721-DK-,6
43513-LV-RIX,17324-US-NY,6
37978-AU-,393668-US-MO,6
51717-PL-02,132702-HK-,6
1843-US-,30978-FI-,6
398467-US-TX,19902-US-OH,6
565-FI-,206191-IT-52,6
30764-CZ-80,9543-AU-,6
32537-IN-TS,12136-BR-,6
45510-AU-QLD,2903-US-,6
11995-US-OR,820-CA-,6
